{"x": [2.21875, 3.03125, 3.21875, 3.65625, 4.15625, 5.84375, 6.96875, 9.03125, 11.21875, 14.03125, 17.15625, 18.78125, 19.46875, 20.34375, 21.15625, 22.53125, 25.53125, 28.15625, 31.34375, 33.65625, 34.28125, 32.65625, 28.59375, 26.21875, 23.21875, 20.34375, 17.90625, 16.28125, 16.46875, 17.78125, 18.46875, 19.03125, 17.90625, 15.96875, 13.09375, 9.84375, 7.84375, 6.28125, 5.65625, 6.40625, 6.84375, 7.15625, 6.84375, 7.28125, 6.84375, 5.96875, 3.40625, 1.40625, 0.78125, 1.09375, -1.15625, -0.59375, 0.09375, 0.71875, 2.15625, 4.09375, 5.65625, 8.53125, 11.84375, 15.03125, 18.15625, 21.15625, 22.71875, 23.15625, 23.65625, 24.28125, 27.90625, 30.96875, 34.78125, 36.96875, 37.71875, 37.46875, 36.84375, 34.96875, 31.28125, 28.21875, 25.59375, 23.40625, 20.59375, 17.59375, 15.09375, 13.46875, 13.09375, 13.09375, 13.21875, 14.40625, 15.09375, 14.59375, 12.28125, 9.53125, 9.34375, 10.03125, 10.78125, 10.53125, 10.78125, 10.78125, 10.34375, 9.90625, 8.15625, 6.09375, 3.90625, 0.03125, -2.59375, -3.09375, -2.46875, 1.65625, -1.65625], "y": [3.46875, 8.21875, 12.28125, 15.90625, 19.65625, 23.71875, 25.59375, 27.96875, 29.65625, 30.65625, 30.46875, 28.78125, 26.46875, 23.34375, 20.21875, 17.84375, 15.78125, 14.59375, 13.03125, 10.71875, 6.96875, 3.40625, 0.21875, -2.03125, -3.21875, -2.21875, -0.03125, 3.90625, 7.71875, 11.40625, 14.71875, 17.78125, 20.65625, 22.28125, 23.21875, 22.78125, 20.71875, 18.09375, 14.28125, 10.40625, 5.40625, 2.09375, -1.78125, -5.28125, -7.53125, -10.03125, -11.09375, -9.46875, -6.84375, -3.40625, 5.46875, 10.28125, 15.78125, 20.34375, 24.71875, 27.59375, 30.15625, 33.09375, 34.40625, 34.84375, 34.34375, 32.78125, 30.28125, 27.46875, 24.84375, 21.53125, 19.15625, 17.65625, 15.65625, 13.03125, 9.78125, 6.96875, 3.84375, 0.84375, -2.59375, -4.59375, -6.34375, -7.53125, -7.46875, -6.46875, -4.15625, -0.46875, 2.84375, 5.78125, 9.03125, 12.09375, 15.09375, 17.59375, 18.84375, 17.28125, 14.03125, 10.65625, 7.90625, 2.96875, -1.03125, -4.03125, -6.59375, -9.65625, -13.28125, -14.09375, -14.78125, -13.84375, -10.53125, -7.65625, -3.15625, -0.28125, 0.28125], "color": [1, 1, 1, 1, 1, 1, 1, 1, 1, 1, 1, 1, 1, 1, 1, 1, 1, 1, 1, 1, 1, 1, 1, 1, 1, 1, 1, 1, 1, 1, 1, 1, 1, 1, 1, 1, 1, 1, 1, 1, 1, 1, 1, 1, 1, 1, 1, 1, 1, 1, 2, 2, 2, 2, 2, 2, 2, 2, 2, 2, 2, 2, 2, 2, 2, 2, 2, 2, 2, 2, 2, 2, 2, 2, 2, 2, 2, 2, 2, 2, 2, 2, 2, 2, 2, 2, 2, 2, 2, 2, 2, 2, 2, 2, 2, 2, 2, 2, 2, 2, 2, 2, 2, 2, 2, 4, 4], "start_position": [-1.15625, -7.28125], "start_oritenation": 81.5625, "timing_line_position": [-0.03125, -0.03125], "timing_line_oritenation": 80.15625, "timing_line_width": 10}