{"x": [1.703125, 1.765625, 1.953125, 2.515625, 2.828125, 3.265625, 4.515625, 7.078125, 10.640625, 14.140625, 16.640625, 18.328125, 19.828125, 20.953125, 21.515625, 20.578125, 18.078125, 15.328125, 13.203125, 12.765625, 13.390625, 14.640625, 17.953125, 22.265625, 25.328125, 28.328125, 30.890625, 35.140625, 38.828125, 41.890625, 44.203125, 45.078125, 44.953125, 44.640625, 45.703125, 48.265625, 50.890625, 54.703125, 57.828125, 59.765625, 60.640625, 60.578125, 59.265625, 57.828125, 56.640625, 54.890625, 52.140625, 49.640625, 47.703125, 44.578125, 41.203125, 37.390625, 34.953125, 32.578125, 29.265625, 26.203125, 23.703125, 21.015625, 18.265625, 15.765625, 12.953125, 10.703125, 7.703125, 5.453125, 3.578125, 2.203125, 2.015625, 1.765625, 1.640625, 1.328125, 1.265625, 1.328125, -1.234375, -0.984375, -0.921875, -0.609375, -0.046875, 0.453125, 0.828125, 2.515625, 4.703125, 8.265625, 12.390625, 14.703125, 16.828125, 19.328125, 20.953125, 22.515625, 23.515625, 24.140625, 24.578125, 24.578125, 23.890625, 21.515625, 19.328125, 17.453125, 16.203125, 16.515625, 17.828125, 20.703125, 23.953125, 26.703125, 29.078125, 32.015625, 35.140625, 37.203125, 39.078125, 40.328125, 41.140625, 41.265625, 40.890625, 41.578125, 43.390625, 45.765625, 48.390625, 51.890625, 55.390625, 58.828125, 61.265625, 63.765625, 65.140625, 63.828125, 62.453125, 61.640625, 60.640625, 59.703125, 57.578125, 54.703125, 51.890625, 48.890625, 45.890625, 42.703125, 38.578125, 35.578125, 32.453125, 28.640625, 25.390625, 21.953125, 18.703125, 15.015625, 11.640625, 7.703125, 4.953125, 2.765625, 0.953125, -0.421875, -1.671875, -1.734375, -1.671875, -2.171875, -1.859375, -1.796875, -1.484375, 1.578125, -1.546875, 1.453125], "y": [3.59375, 6.03125, 9.09375, 12.46875, 15.90625, 19.34375, 23.21875, 25.84375, 26.78125, 24.96875, 21.84375, 18.34375, 14.59375, 11.46875, 8.34375, 5.53125, 3.34375, 0.21875, -3.15625, -7.21875, -11.21875, -15.09375, -18.03125, -17.65625, -17.28125, -18.65625, -20.40625, -20.09375, -18.65625, -16.09375, -12.09375, -8.65625, -5.09375, -1.53125, 1.28125, 2.90625, 3.71875, 3.46875, 2.40625, -0.15625, -3.03125, -6.53125, -10.28125, -14.15625, -17.09375, -18.84375, -20.34375, -21.40625, -23.09375, -25.46875, -26.71875, -27.09375, -27.96875, -28.78125, -29.15625, -29.53125, -29.71875, -29.71875, -29.03125, -28.09375, -27.03125, -26.15625, -24.46875, -21.96875, -19.78125, -17.09375, -14.59375, -12.40625, -9.90625, -7.21875, -4.78125, -2.21875, 3.34375, 6.46875, 8.96875, 13.09375, 16.40625, 20.09375, 24.21875, 27.71875, 29.21875, 29.96875, 30.21875, 29.09375, 27.71875, 25.84375, 22.96875, 19.78125, 16.96875, 13.71875, 10.90625, 7.15625, 4.03125, 1.28125, -0.21875, -2.40625, -6.03125, -9.78125, -13.03125, -13.84375, -13.53125, -13.90625, -14.84375, -17.28125, -16.78125, -15.46875, -13.71875, -11.84375, -8.71875, -4.96875, -1.71875, 2.15625, 5.15625, 7.09375, 7.90625, 8.09375, 7.53125, 5.90625, 4.28125, 0.28125, -3.40625, -7.09375, -10.78125, -13.21875, -15.03125, -17.84375, -21.28125, -23.21875, -24.21875, -26.65625, -28.28125, -28.96875, -30.03125, -31.15625, -31.96875, -32.78125, -32.96875, -33.15625, -32.84375, -31.90625, -30.90625, -29.09375, -27.09375, -24.96875, -22.09375, -18.96875, -15.59375, -12.21875, -9.84375, -6.84375, -4.78125, -1.84375, 0.34375, 0.15625, -0.09375, -0.40625], "color": [1, 1, 1, 1, 1, 1, 1, 1, 1, 1, 1, 1, 1, 1, 1, 1, 1, 1, 1, 1, 1, 1, 1, 1, 1, 1, 1, 1, 1, 1, 1, 1, 1, 1, 1, 1, 1, 1, 1, 1, 1, 1, 1, 1, 1, 1, 1, 1, 1, 1, 1, 1, 1, 1, 1, 1, 1, 1, 1, 1, 1, 1, 1, 1, 1, 1, 1, 1, 1, 1, 1, 1, 2, 2, 2, 2, 2, 2, 2, 2, 2, 2, 2, 2, 2, 2, 2, 2, 2, 2, 2, 2, 2, 2, 2, 2, 2, 2, 2, 2, 2, 2, 2, 2, 2, 2, 2, 2, 2, 2, 2, 2, 2, 2, 2, 2, 2, 2, 2, 2, 2, 2, 2, 2, 2, 2, 2, 2, 2, 2, 2, 2, 2, 2, 2, 2, 2, 2, 2, 2, 2, 2, 2, 2, 2, 2, 2, 2, 2, 2, 2, 2, 4, 4, 4, 4], "start_position": [-0.296875, -4.78125], "start_orientation": 88.59375, "timing_line_position": [0.015625, 0.21875], "timing_line_orientation": 82.96875, "timing_line_width": 8}