{"x": [2.71875, 7.09375, 11.03125, 14.15625, 18.09375, 21.53125, 24.28125, 27.71875, 30.59375, 32.90625, 34.65625, 35.71875, 36.28125, 35.84375, 34.15625, 31.59375, 29.28125, 26.59375, 23.28125, 19.78125, 16.40625, 13.53125, 10.65625, 7.34375, 4.09375, 1.59375, -1.34375, -4.21875, -8.15625, -12.59375, -16.59375, -19.46875, -22.03125, -23.09375, -23.28125, -23.15625, -23.28125, -24.59375, -26.28125, -26.28125, -25.40625, -23.21875, -20.90625, -17.90625, -16.40625, -15.34375, -14.65625, -12.65625, -10.40625, -6.90625, -3.15625, -1.40625, 0.28125, 1.53125, 1.40625, 0.71875, -1.71875, -5.15625, -9.28125, -13.09375, -16.21875, -19.84375, -23.53125, -25.59375, -27.09375, -27.59375, -26.78125, -26.40625, -27.15625, -29.28125, -31.84375, -34.21875, -36.59375, -38.65625, -40.65625, -42.46875, -44.15625, -44.34375, -44.46875, -45.28125, -45.53125, -45.21875, -43.59375, -39.71875, -36.15625, -32.40625, -29.21875, -26.28125, -23.78125, -21.28125, -18.46875, -14.78125, -11.46875, -7.53125, -3.59375, 3.34375, 7.15625, 10.90625, 14.65625, 18.15625, 21.90625, 25.46875, 29.03125, 32.78125, 35.78125, 37.84375, 39.40625, 39.53125, 38.46875, 36.46875, 33.84375, 31.09375, 28.09375, 24.53125, 20.71875, 17.09375, 13.28125, 9.40625, 5.40625, 1.71875, -1.40625, -4.03125, -6.21875, -8.84375, -12.15625, -14.84375, -16.90625, -18.65625, -19.53125, -19.15625, -17.96875, -19.15625, -21.53125, -22.71875, -22.59375, -21.90625, -20.46875, -18.90625, -16.90625, -13.96875, -11.96875, -11.15625, -8.34375, -5.28125, -1.71875, 1.59375, 3.71875, 5.15625, 4.84375, 3.59375, 2.28125, -0.40625, -2.90625, -6.71875, -10.40625, -14.28125, -17.71875, -21.21875, -24.65625, -28.09375, -30.34375, -31.09375, -30.21875, -29.84375, -30.40625, -32.09375, -34.65625, -37.21875, -39.59375, -41.78125, -43.78125, -45.53125, -47.34375, -48.03125, -47.96875, -48.53125, -48.84375, -48.84375, -47.46875, -44.84375, -40.71875, -37.21875, -34.15625, -31.15625, -28.34375, -25.59375, -22.28125, -18.59375, -14.96875, -11.34375, -7.46875, -3.46875, 0.03125, -0.03125], "y": [-1.78125, -1.65625, -1.59375, -1.84375, -1.71875, -1.90625, -2.46875, -3.34375, -4.65625, -5.59375, -7.90625, -10.90625, -13.59375, -16.65625, -18.34375, -20.84375, -23.46875, -24.78125, -26.09375, -27.65625, -28.53125, -28.71875, -28.21875, -26.90625, -24.84375, -21.78125, -19.03125, -16.71875, -15.15625, -15.21875, -16.59375, -18.71875, -21.96875, -25.65625, -29.28125, -32.78125, -35.53125, -38.15625, -41.59375, -45.46875, -49.03125, -52.53125, -54.90625, -56.78125, -58.40625, -60.59375, -64.46875, -66.84375, -69.21875, -71.34375, -72.71875, -73.78125, -75.84375, -78.40625, -81.15625, -83.71875, -84.09375, -82.71875, -81.09375, -79.53125, -78.34375, -76.96875, -75.59375, -74.46875, -72.90625, -70.09375, -66.78125, -62.53125, -59.09375, -54.96875, -52.40625, -49.78125, -46.84375, -44.46875, -41.09375, -37.90625, -35.03125, -32.03125, -28.21875, -24.03125, -20.34375, -17.53125, -15.15625, -14.71875, -13.03125, -11.28125, -8.84375, -6.28125, -3.90625, -2.90625, -2.59375, -2.40625, -2.28125, -2.03125, -1.96875, 1.78125, 1.90625, 2.15625, 2.09375, 1.90625, 1.46875, 0.90625, -0.03125, -1.46875, -3.34375, -6.34375, -10.28125, -13.96875, -17.65625, -20.90625, -23.65625, -26.15625, -27.90625, -29.53125, -30.96875, -31.84375, -32.28125, -31.71875, -30.09375, -27.59375, -24.09375, -21.59375, -19.65625, -18.71875, -18.65625, -19.65625, -21.21875, -23.40625, -26.28125, -30.15625, -34.28125, -37.90625, -40.40625, -42.84375, -45.03125, -47.90625, -50.34375, -52.09375, -53.28125, -55.65625, -59.03125, -62.90625, -65.84375, -68.03125, -69.40625, -71.53125, -74.59375, -78.09375, -82.15625, -85.65625, -87.78125, -88.40625, -87.40625, -85.84375, -84.34375, -82.78125, -81.53125, -80.28125, -78.84375, -76.84375, -73.90625, -70.34375, -66.21875, -62.34375, -59.84375, -57.03125, -54.53125, -51.71875, -48.90625, -45.90625, -42.90625, -39.46875, -36.53125, -32.34375, -28.40625, -24.65625, -20.71875, -17.03125, -13.21875, -11.71875, -10.90625, -9.65625, -8.15625, -5.84375, -3.28125, -0.65625, 0.65625, 1.03125, 1.28125, 1.34375, 1.59375, 1.78125, 1.78125, -1.78125], "color": [1, 1, 1, 1, 1, 1, 1, 1, 1, 1, 1, 1, 1, 1, 1, 1, 1, 1, 1, 1, 1, 1, 1, 1, 1, 1, 1, 1, 1, 1, 1, 1, 1, 1, 1, 1, 1, 1, 1, 1, 1, 1, 1, 1, 1, 1, 1, 1, 1, 1, 1, 1, 1, 1, 1, 1, 1, 1, 1, 1, 1, 1, 1, 1, 1, 1, 1, 1, 1, 1, 1, 1, 1, 1, 1, 1, 1, 1, 1, 1, 1, 1, 1, 1, 1, 1, 1, 1, 1, 1, 1, 1, 1, 1, 1, 2, 2, 2, 2, 2, 2, 2, 2, 2, 2, 2, 2, 2, 2, 2, 2, 2, 2, 2, 2, 2, 2, 2, 2, 2, 2, 2, 2, 2, 2, 2, 2, 2, 2, 2, 2, 2, 2, 2, 2, 2, 2, 2, 2, 2, 2, 2, 2, 2, 2, 2, 2, 2, 2, 2, 2, 2, 2, 2, 2, 2, 2, 2, 2, 2, 2, 2, 2, 2, 2, 2, 2, 2, 2, 2, 2, 2, 2, 2, 2, 2, 2, 2, 2, 2, 2, 2, 2, 2, 2, 2, 2, 2, 2, 2, 2, 2, 4, 4], "start_position": [-7.53125, -0.21875], "start_orientation": 1.40625, "timing_line_position": [-0.03125, -0.03125], "timing_line_orientation": 0.0, "timing_line_width": 10}