{"x": [1.59375, 1.59375, 1.78125, 2.53125, 3.46875, 5.90625, 8.71875, 12.09375, 15.09375, 19.03125, 21.65625, 24.15625, 26.96875, 30.53125, 33.71875, 37.28125, 39.90625, 41.40625, 43.09375, 44.96875, 45.90625, 46.09375, 45.53125, 44.78125, 42.71875, 40.28125, 37.09375, 33.90625, 31.46875, 28.28125, 25.09375, 21.46875, 18.28125, 15.09375, 11.71875, 9.46875, 7.96875, 6.65625, 6.65625, 7.78125, 8.71875, 10.59375, 12.84375, 14.90625, 16.96875, 19.40625, 22.03125, 23.59375, 25.28125, 27.15625, 28.46875, 30.15625, 34.09375, 35.96875, 36.15625, 37.28125, 37.65625, 38.21875, 37.28125, 36.53125, 34.65625, 32.59375, 29.78125, 26.59375, 23.96875, 21.28125, 19.03125, 16.78125, 13.96875, 11.34375, 8.90625, 7.03125, 5.15625, 3.28125, 2.34375, 2.15625, 2.15625, 1.78125, 1.78125, -1.59375, -1.78125, -1.59375, -0.84375, 1.21875, 2.90625, 4.03125, 7.59375, 10.78125, 14.15625, 18.28125, 21.46875, 24.15625, 26.78125, 29.96875, 32.78125, 35.59375, 37.84375, 40.09375, 42.15625, 44.78125, 47.03125, 48.53125, 49.28125, 49.65625, 48.90625, 46.84375, 44.21875, 41.21875, 37.46875, 34.46875, 31.65625, 28.46875, 25.28125, 22.03125, 19.40625, 16.40625, 13.78125, 12.28125, 10.78125, 10.03125, 10.21875, 10.96875, 12.28125, 13.59375, 15.46875, 17.34375, 20.90625, 22.21875, 23.96875, 25.84375, 28.09375, 30.53125, 32.96875, 35.03125, 37.65625, 38.96875, 39.90625, 40.65625, 41.40625, 41.59375, 40.65625, 39.15625, 36.90625, 33.71875, 30.71875, 27.15625, 23.96875, 20.71875, 17.53125, 15.84375, 13.21875, 10.59375, 7.21875, 5.71875, 3.65625, 1.96875, 0.46875, -0.84375, -1.59375, -1.40625, -1.21875, -1.21875, -1.03125, -1.40625, -1.59375, 1.53125, -1.53125, 1.59375], "y": [3.5, 7.125, 11.0625, 12.9375, 14.4375, 15.5625, 17.25, 18.375, 19.6875, 20.4375, 20.4375, 20.625, 20.8125, 21.0, 21.75, 23.0625, 24.1875, 25.875, 26.625, 26.0625, 24.5625, 22.875, 21.0, 19.6875, 18.9375, 18.1875, 17.8125, 17.4375, 17.0625, 16.875, 16.3125, 15.9375, 15.0, 13.6875, 11.625, 9.1875, 6.0, 2.5625, -0.625, -3.625, -5.875, -7.375, -8.6875, -9.4375, -9.8125, -10.1875, -9.0625, -7.75, -4.5625, -1.9375, 1.0625, 3.875, 4.8125, 3.6875, 1.8125, -0.8125, -4.0, -7.0, -9.625, -12.625, -14.125, -15.4375, -16.1875, -17.125, -17.3125, -16.9375, -15.625, -14.3125, -13.0, -12.4375, -12.4375, -13.1875, -14.125, -13.375, -11.125, -9.0625, -7.375, -5.3125, -2.5, 3.3125, 7.3125, 11.8125, 14.8125, 17.0625, 17.8125, 18.5625, 20.25, 21.5625, 23.0625, 23.625, 24.0, 24.0, 24.0, 24.375, 24.75, 25.6875, 27.0, 28.5, 29.625, 29.625, 28.6875, 27.375, 25.5, 22.875, 19.6875, 17.4375, 15.75, 15.0, 14.625, 14.0625, 13.875, 13.3125, 13.125, 12.5625, 11.625, 10.5, 8.625, 6.75, 4.25, 2.0, -0.0625, -2.5, -4.1875, -5.3125, -6.0625, -6.625, -5.3125, -3.25, 0.125, 2.9375, 6.1875, 7.5, 8.25, 7.875, 6.9375, 5.0625, 2.9375, -0.25, -3.4375, -7.375, -10.9375, -14.3125, -16.375, -18.625, -19.375, -20.5, -20.6875, -20.125, -18.625, -17.6875, -16.375, -16.0, -16.75, -17.6875, -18.25, -17.6875, -16.9375, -16.0, -14.125, -12.0625, -10.0, -7.1875, -5.125, -2.3125, 0.5625, 0.8125, -0.75, -0.625], "color": [1, 1, 1, 1, 1, 1, 1, 1, 1, 1, 1, 1, 1, 1, 1, 1, 1, 1, 1, 1, 1, 1, 1, 1, 1, 1, 1, 1, 1, 1, 1, 1, 1, 1, 1, 1, 1, 1, 1, 1, 1, 1, 1, 1, 1, 1, 1, 1, 1, 1, 1, 1, 1, 1, 1, 1, 1, 1, 1, 1, 1, 1, 1, 1, 1, 1, 1, 1, 1, 1, 1, 1, 1, 1, 1, 1, 1, 1, 1, 2, 2, 2, 2, 2, 2, 2, 2, 2, 2, 2, 2, 2, 2, 2, 2, 2, 2, 2, 2, 2, 2, 2, 2, 2, 2, 2, 2, 2, 2, 2, 2, 2, 2, 2, 2, 2, 2, 2, 2, 2, 2, 2, 2, 2, 2, 2, 2, 2, 2, 2, 2, 2, 2, 2, 2, 2, 2, 2, 2, 2, 2, 2, 2, 2, 2, 2, 2, 2, 2, 2, 2, 2, 2, 2, 2, 2, 2, 2, 2, 2, 2, 2, 2, 2, 4, 4, 4, 4], "start_position": [0.34375, -5.25], "start_orientation": 97.03125, "timing_line_position": [-0.03125, 0.6875], "timing_line_orientation": 91.40625, "timing_line_width": 8}