{"x": [-3.328125, 2.109375, 3.734375, 6.234375, 9.109375, 12.046875, 14.546875, 16.171875, 16.734375, 16.171875, 14.546875, 12.046875, 9.171875, 6.234375, 3.734375, 2.109375, -3.328125, -4.953125, -9.140625, -13.078125, -16.640625, -18.953125, -19.765625, -18.953125, -16.640625, -13.078125, -9.140625, -4.953125, 1.484375, -2.078125, -3.703125, -6.203125, -9.078125, -12.015625, -14.515625, -16.140625, -16.703125, -16.140625, -14.515625, -12.015625, -9.140625, -6.203125, -3.703125, -2.078125, 3.359375, 4.984375, 9.109375, 13.109375, 16.671875, 18.984375, 19.734375, 18.984375, 16.671875, 13.109375, 9.109375, 4.984375, 3.359375, -1.515625, 1.671875, -1.265625, -1.453125, 1.609375, 1.421875, 1.296875, -2.078125, 1.359375, -0.328125, -2.203125, -2.078125, -1.515625, -1.578125, 1.609375, 1.484375], "y": [-8.84375, -2.84375, -5.34375, -6.96875, -7.53125, -6.96875, -5.34375, -2.84375, 0.03125, 2.96875, 5.46875, 7.09375, 7.65625, 7.09375, 5.46875, 3.03125, 8.96875, 9.84375, 10.65625, 9.90625, 7.59375, 4.03125, 0.03125, -3.90625, -7.46875, -9.78125, -10.59375, -9.71875, -0.03125, 2.96875, 5.46875, 7.09375, 7.65625, 7.09375, 5.46875, 2.96875, 0.09375, -2.84375, -5.34375, -6.96875, -7.53125, -6.96875, -5.34375, -2.90625, -8.84375, -9.71875, -10.59375, -9.78125, -7.46875, -3.90625, 0.03125, 4.03125, 7.59375, 9.90625, 10.65625, 9.84375, 8.96875, -0.03125, -14.90625, -14.90625, -12.65625, -12.53125, 18.15625, 22.84375, 22.90625, 13.34375, 22.90625, 13.15625, 18.21875, -1.03125, 1.09375, 1.03125, -1.09375], "color": [1, 1, 1, 1, 1, 1, 1, 1, 1, 1, 1, 1, 1, 1, 1, 1, 1, 1, 1, 1, 1, 1, 1, 1, 1, 1, 1, 1, 1, 2, 2, 2, 2, 2, 2, 2, 2, 2, 2, 2, 2, 2, 2, 2, 2, 2, 2, 2, 2, 2, 2, 2, 2, 2, 2, 2, 2, 2, 3, 3, 3, 3, 3, 3, 3, 3, 3, 3, 3, 4, 4, 4, 4], "start_position": [0.359375, -16.65625], "start_orientation": 91.40625, "timing_line_position": [0.046875, -0.53125], "timing_line_orientation": 90.0, "timing_line_width": 6}