{"x": [-4.03125, -7.59375, -11.15625, -14.59375, -17.78125, -20.90625, -24.09375, -27.59375, -31.15625, -34.53125, -37.59375, -40.53125, -43.71875, -47.21875, -50.78125, -54.09375, -57.28125, -60.53125, -63.78125, -67.21875, -70.78125, -74.34375, -77.90625, -81.34375, -84.28125, -86.65625, -88.90625, -91.15625, -93.65625, -96.71875, -100.71875, -104.28125, -107.90625, -111.78125, -114.21875, -115.53125, -115.34375, -114.34375, -113.15625, -112.03125, -111.90625, -112.40625, -111.84375, -109.96875, -107.71875, -105.28125, -102.53125, -99.34375, -95.78125, -92.40625, -89.28125, -86.15625, -83.03125, -79.71875, -76.21875, -72.59375, -69.03125, -65.46875, -61.90625, -58.40625, -55.40625, -52.71875, -49.96875, -46.84375, -43.40625, -39.84375, -36.28125, -32.71875, -29.09375, -25.53125, -21.96875, -18.46875, -15.15625, -12.21875, -10.71875, -10.34375, -9.21875, -5.78125, -2.15625, 1.40625, 4.84375, 8.03125, 11.03125, 13.90625, 16.53125, 19.03125, 20.65625, 18.90625, 17.65625, 17.34375, 16.21875, 13.15625, 9.71875, 6.15625, 2.53125, -3.15625, -6.78125, -10.34375, -13.84375, -17.15625, -20.28125, -23.46875, -26.71875, -30.28125, -33.59375, -36.59375, -39.65625, -42.84375, -46.34375, -49.90625, -53.34375, -56.59375, -59.84375, -63.03125, -66.34375, -69.84375, -73.40625, -76.96875, -80.40625, -83.03125, -85.28125, -87.53125, -89.84375, -92.53125, -95.71875, -99.71875, -103.28125, -106.90625, -111.03125, -114.15625, -116.65625, -118.28125, -119.09375, -118.65625, -117.65625, -116.46875, -115.34375, -115.40625, -115.84375, -115.28125, -113.53125, -111.40625, -109.03125, -106.46875, -103.59375, -100.34375, -96.59375, -93.09375, -89.90625, -86.71875, -83.59375, -80.40625, -77.03125, -73.46875, -69.84375, -66.34375, -62.71875, -59.15625, -55.84375, -52.96875, -50.28125, -47.53125, -44.21875, -40.71875, -37.15625, -33.53125, -29.96875, -26.34375, -22.78125, -19.34375, -16.03125, -14.03125, -13.71875, -12.78125, -10.21875, -6.71875, -3.09375, 0.46875, 3.96875, 7.34375, 10.53125, 13.46875, 16.28125, 18.90625, 21.40625, 23.53125, 24.21875, 22.59375, 21.03125, 20.71875, 19.96875, 17.71875, 14.59375, 11.09375, 7.59375, 3.96875, 0.40625, -0.40625], "y": [1.53125, 1.78125, 2.21875, 3.40625, 5.03125, 6.84375, 8.40625, 9.46875, 9.40625, 8.15625, 6.28125, 4.28125, 2.59375, 1.96875, 2.65625, 4.09375, 5.65625, 7.28125, 8.78125, 9.84375, 10.53125, 10.96875, 10.78125, 9.65625, 7.65625, 4.90625, 2.15625, -0.71875, -3.28125, -5.15625, -6.34375, -6.84375, -6.78125, -5.28125, -2.71875, 0.59375, 4.15625, 7.65625, 11.03125, 14.46875, 18.03125, 21.59375, 25.09375, 28.15625, 30.96875, 33.65625, 35.96875, 37.59375, 37.65625, 36.40625, 34.65625, 32.84375, 31.09375, 29.71875, 28.96875, 28.90625, 29.34375, 29.96875, 30.21875, 29.53125, 27.53125, 25.09375, 22.78125, 21.03125, 20.03125, 19.40625, 18.96875, 18.78125, 18.71875, 18.90625, 19.46875, 20.34375, 21.78125, 23.84375, 27.09375, 30.65625, 33.96875, 34.90625, 34.84375, 34.28125, 33.28125, 31.71875, 29.65625, 27.46875, 25.03125, 22.46875, 19.34375, 16.21875, 12.90625, 9.46875, 5.65625, 3.71875, 2.84375, 2.40625, 1.96875, -1.84375, -1.71875, -1.40625, -0.65625, 0.78125, 2.59375, 4.28125, 5.78125, 6.09375, 4.78125, 2.78125, 0.84375, -0.78125, -1.53125, -1.09375, 0.03125, 1.46875, 3.09375, 4.71875, 6.09375, 6.90625, 7.46875, 7.46875, 6.34375, 3.90625, 1.09375, -1.71875, -4.40625, -6.84375, -8.46875, -9.65625, -10.21875, -10.28125, -9.59375, -7.84375, -5.28125, -2.09375, 1.40625, 4.96875, 8.46875, 11.84375, 15.28125, 18.84375, 22.40625, 25.96875, 29.03125, 31.96875, 34.71875, 37.21875, 39.34375, 40.90625, 41.34375, 40.40625, 38.84375, 37.15625, 35.34375, 33.65625, 32.46875, 32.28125, 32.71875, 33.28125, 33.71875, 33.34375, 32.03125, 29.90625, 27.46875, 25.21875, 23.78125, 22.96875, 22.46875, 22.21875, 22.09375, 22.34375, 22.78125, 23.65625, 25.21875, 27.96875, 31.59375, 35.03125, 37.40625, 38.21875, 38.34375, 37.96875, 37.15625, 35.96875, 34.21875, 32.15625, 29.96875, 27.53125, 24.90625, 22.03125, 18.59375, 15.40625, 12.21875, 8.59375, 5.09375, 2.34375, 0.59375, -0.28125, -0.90625, -1.28125, -1.71875, 1.71875], "color": [1, 1, 1, 1, 1, 1, 1, 1, 1, 1, 1, 1, 1, 1, 1, 1, 1, 1, 1, 1, 1, 1, 1, 1, 1, 1, 1, 1, 1, 1, 1, 1, 1, 1, 1, 1, 1, 1, 1, 1, 1, 1, 1, 1, 1, 1, 1, 1, 1, 1, 1, 1, 1, 1, 1, 1, 1, 1, 1, 1, 1, 1, 1, 1, 1, 1, 1, 1, 1, 1, 1, 1, 1, 1, 1, 1, 1, 1, 1, 1, 1, 1, 1, 1, 1, 1, 1, 1, 1, 1, 1, 1, 1, 1, 1, 2, 2, 2, 2, 2, 2, 2, 2, 2, 2, 2, 2, 2, 2, 2, 2, 2, 2, 2, 2, 2, 2, 2, 2, 2, 2, 2, 2, 2, 2, 2, 2, 2, 2, 2, 2, 2, 2, 2, 2, 2, 2, 2, 2, 2, 2, 2, 2, 2, 2, 2, 2, 2, 2, 2, 2, 2, 2, 2, 2, 2, 2, 2, 2, 2, 2, 2, 2, 2, 2, 2, 2, 2, 2, 2, 2, 2, 2, 2, 2, 2, 2, 2, 2, 2, 2, 2, 2, 2, 2, 2, 2, 2, 2, 2, 2, 2, 2, 2, 2, 2, 4, 4], "start_position": [6.84375, 0.71875], "start_orientation": 185.625, "timing_line_position": [-0.03125, -0.03125], "timing_line_orientation": 184.21875, "timing_line_width": 10}