{"x": [-0.65625, 31.65625, -2.15625, 58.40625, 28.53125, 6.46875, 58.46875, 58.71875, 61.15625, 65.90625, 70.40625, 72.65625, 74.71875, 77.59375, 80.90625, 82.84375, 81.96875, 79.21875, 75.53125, 71.03125, 66.03125, 61.46875, 57.03125, 52.28125, 47.46875, 42.46875, 37.46875, 32.90625, 31.40625, 32.09375, 32.65625, 33.09375, 33.34375, 32.34375, 28.84375, 24.03125, 19.15625, 14.46875, 10.15625, 6.34375, 3.34375, 1.15625, 58.84375, -1.65625, -1.09375, 0.28125, 2.90625, 6.84375, 11.65625, 16.78125, 21.71875, 26.65625, 31.40625, 35.34375, 37.71875, 38.59375, 37.53125, 34.65625, 25.46875, 20.90625, 16.21875, 11.28125, 6.28125, 1.59375, -1.21875, -1.40625, 1.96875, 11.53125, 16.34375, 21.34375, 26.28125, 31.21875, 36.09375, 41.03125, 45.90625, 50.59375, 55.03125, 59.46875, 64.09375, 68.96875, 73.90625, 78.84375, 83.46875, 86.40625, 86.71875, 82.71875, 77.90625, 72.96875, 68.03125, 62.90625, 0.21875, -1.78125, 55.65625, 57.34375, 61.21875, 66.21875, 69.46875, 71.34375, 73.96875, 77.15625, 79.78125, 78.65625, 75.46875, 71.28125, 66.34375, 61.84375, 57.53125, 52.71875, 47.78125, 42.78125, 37.90625, 33.03125, 29.40625, 28.40625, 29.09375, 29.59375, 30.09375, 30.34375, 28.96875, 24.34375, 19.40625, 14.90625, 10.65625, 7.21875, 4.65625, 1.28125, 1.84375, 3.28125, 6.21875, 10.78125, 15.84375, 20.78125, 25.71875, 30.59375, 34.96875, 38.46875, 40.65625, 41.53125, 40.90625, 38.71875, 35.34375, 30.78125, 25.84375, 21.21875, 16.46875, 11.59375, 6.59375, 2.40625, 10.71875, 15.53125, 20.46875, 25.46875, 30.34375, 35.21875, 40.15625, 45.03125, 49.78125, 54.28125, 58.71875, 63.28125, 68.15625, 73.03125, 77.90625, 82.84375, 79.34375, 74.40625, 69.40625, 64.53125, 59.59375, 56.15625, 55.46875, 82.96875, 1.84375, 80.71875, 4.46875, 7.78125, 55.34375, 3.40625, 2.09375, 1.78125, 1.59375, 1.46875, -1.46875], "y": [4.0625, -53.0625, -6.0625, -48.9375, -53.5625, -62.875, -52.125, -44.6875, -40.4375, -39.6875, -37.75, -33.375, -28.75, -24.625, -20.9375, -16.4375, -11.5, -7.375, -4.0625, -2.0, -2.0, -3.8125, -6.25, -8.0, -8.9375, -9.125, -8.625, -6.75, -2.1875, 2.8125, 7.8125, 12.75, 17.6875, 22.5625, 26.125, 26.875, 25.875, 24.125, 21.625, 18.25, 14.375, 9.9375, -57.0, -9.75, -14.75, -19.5, -23.8125, -26.6875, -27.875, -27.6875, -27.8125, -28.625, -30.1875, -33.1875, -37.5, -42.5, -47.25, -51.4375, -53.125, -51.125, -49.6875, -48.8125, -48.625, -50.375, -54.375, -59.1875, -62.75, -63.25, -64.625, -64.8125, -64.5625, -63.5, -62.5, -63.0625, -64.375, -66.1875, -68.5, -70.625, -72.375, -73.75, -74.75, -75.125, -73.4375, -69.5, -64.6875, -62.0, -60.5625, -59.75, -59.5625, -59.5, 7.25, -2.625, -44.875, -40.125, -37.0625, -36.6875, -33.3125, -28.8125, -24.4375, -20.625, -16.375, -11.6875, -7.8125, -5.1875, -5.0, -7.0625, -9.375, -11.0, -11.9375, -12.125, -11.6875, -10.375, -7.125, -2.1875, 2.75, 7.6875, 12.6875, 17.625, 22.375, 23.875, 22.875, 21.0, 18.25, 14.6875, 10.4375, -9.125, -14.0625, -18.8125, -22.8125, -24.75, -24.75, -24.75, -25.375, -26.6875, -28.875, -32.375, -36.9375, -41.8125, -46.75, -51.1875, -54.8125, -56.8125, -56.4375, -54.5, -52.875, -51.875, -51.625, -53.875, -59.5625, -61.4375, -61.8125, -61.625, -60.625, -59.5625, -59.8125, -60.9375, -62.5625, -64.625, -67.0, -68.9375, -70.4375, -71.5625, -72.1875, -69.25, -64.0, -62.9375, -62.5625, -62.625, -61.6875, -58.25, -53.25, -66.375, -56.875, -71.5, -58.875, -59.5625, -49.4375, 6.6875, 3.25, -2.25, -5.9375, -0.1875, 0.1875], "color": [1, 1, 1, 1, 1, 1, 1, 1, 1, 1, 1, 1, 1, 1, 1, 1, 1, 1, 1, 1, 1, 1, 1, 1, 1, 1, 1, 1, 1, 1, 1, 1, 1, 1, 1, 1, 1, 1, 1, 1, 1, 1, 1, 1, 1, 1, 1, 1, 1, 1, 1, 1, 1, 1, 1, 1, 1, 1, 1, 1, 1, 1, 1, 1, 1, 1, 1, 1, 1, 1, 1, 1, 1, 1, 1, 1, 1, 1, 1, 1, 1, 1, 1, 1, 1, 1, 1, 1, 1, 1, 1, 1, 2, 2, 2, 2, 2, 2, 2, 2, 2, 2, 2, 2, 2, 2, 2, 2, 2, 2, 2, 2, 2, 2, 2, 2, 2, 2, 2, 2, 2, 2, 2, 2, 2, 2, 2, 2, 2, 2, 2, 2, 2, 2, 2, 2, 2, 2, 2, 2, 2, 2, 2, 2, 2, 2, 2, 2, 2, 2, 2, 2, 2, 2, 2, 2, 2, 2, 2, 2, 2, 2, 2, 2, 2, 2, 2, 2, 2, 2, 2, 2, 2, 2, 2, 2, 2, 2, 2, 2, 2, 4, 4], "start_position": [0.09375, 1.75], "start_orientation": -88.59375, "timing_line_position": [-0.03125, -0.3125], "timing_line_orientation": -88.59375, "timing_line_width": 8}