{"x": [4.28125, 7.65625, 11.15625, 14.65625, 18.21875, 21.84375, 25.53125, 29.21875, 33.09375, 36.90625, 40.65625, 44.46875, 48.15625, 51.71875, 55.21875, 59.21875, 62.71875, 66.40625, 69.90625, 72.96875, 75.09375, 75.46875, 73.40625, 70.09375, 66.90625, 63.21875, 59.96875, 56.84375, 53.65625, 50.28125, 46.34375, 42.71875, 40.03125, 37.90625, 35.84375, 33.40625, 30.28125, 27.15625, 24.59375, 21.65625, 18.40625, 15.03125, 11.09375, 7.78125, 4.46875, 1.21875, -2.09375, -5.40625, -8.96875, -10.90625, -10.40625, -7.65625, -4.46875, -1.65625, 1.46875, 4.59375, 7.65625, 4.90625, 1.21875, -2.46875, -6.34375, -9.84375, -13.65625, -16.65625, -18.53125, -21.40625, -24.96875, -28.53125, -31.90625, -35.46875, -39.53125, -43.40625, -45.28125, -44.96875, -43.84375, -42.03125, -39.96875, -37.65625, -35.09375, -32.40625, -29.65625, -26.84375, -23.96875, -21.09375, -18.09375, -15.09375, -11.96875, -8.84375, -5.65625, -2.40625, 2.40625, 5.78125, 9.15625, 12.65625, 16.21875, 19.84375, 23.53125, 27.28125, 30.78125, 34.65625, 38.53125, 42.21875, 45.78125, 49.21875, 52.65625, 56.28125, 60.03125, 63.71875, 67.34375, 70.71875, 74.28125, 77.21875, 79.15625, 79.71875, 79.21875, 77.03125, 73.90625, 70.53125, 67.03125, 63.53125, 60.03125, 56.59375, 53.28125, 49.71875, 46.09375, 43.15625, 41.09375, 39.40625, 37.15625, 34.09375, 30.90625, 27.40625, 24.59375, 21.71875, 18.71875, 15.46875, 11.65625, 7.90625, 4.78125, 1.46875, -2.21875, -5.84375, -4.84375, -1.65625, 1.15625, 4.03125, 7.28125, 10.28125, 12.46875, 11.84375, 8.96875, 5.59375, 2.09375, -1.53125, -5.09375, -8.59375, -12.34375, -15.34375, -17.65625, -21.21875, -24.84375, -28.65625, -32.34375, -36.28125, -39.71875, -43.53125, -46.78125, -50.03125, -51.90625, -51.09375, -49.46875, -47.78125, -45.96875, -43.96875, -41.84375, -39.53125, -37.03125, -34.46875, -31.71875, -28.90625, -25.96875, -23.03125, -19.96875, -16.90625, -13.78125, -10.59375, -7.40625, -4.21875, -0.90625, 0.90625], "y": [-0.40625, 0.71875, 1.78125, 2.71875, 3.46875, 4.15625, 4.65625, 5.03125, 5.28125, 5.40625, 5.40625, 5.34375, 5.21875, 5.03125, 4.84375, 4.53125, 4.21875, 3.78125, 2.90625, 1.28125, -1.46875, -4.96875, -8.03125, -9.03125, -9.03125, -8.40625, -7.34375, -5.90625, -4.28125, -2.71875, -1.90625, -3.09375, -5.59375, -8.71875, -12.09375, -14.78125, -16.46875, -14.90625, -12.03125, -9.59375, -7.90625, -6.96875, -6.90625, -7.53125, -8.71875, -10.15625, -11.71875, -13.21875, -15.03125, -17.84375, -21.59375, -24.15625, -25.71875, -28.28125, -30.40625, -31.90625, -34.15625, -36.46875, -37.46875, -38.21875, -39.15625, -39.71875, -40.03125, -41.59375, -44.53125, -46.40625, -47.09375, -47.15625, -46.90625, -46.84375, -47.15625, -47.15625, -44.09375, -40.34375, -36.78125, -33.28125, -30.40625, -27.59375, -24.96875, -22.40625, -20.03125, -17.71875, -15.53125, -13.40625, -11.46875, -9.59375, -7.78125, -6.09375, -4.53125, -3.03125, 2.90625, 4.09375, 5.15625, 6.09375, 6.90625, 7.65625, 8.21875, 8.65625, 8.90625, 9.09375, 9.15625, 9.09375, 8.96875, 8.78125, 8.65625, 8.59375, 8.46875, 8.21875, 7.71875, 6.78125, 5.09375, 2.59375, -0.90625, -4.65625, -7.84375, -10.46875, -11.90625, -12.65625, -12.84375, -12.53125, -11.65625, -10.40625, -8.65625, -6.53125, -6.09375, -8.15625, -10.96875, -13.90625, -16.90625, -19.40625, -20.53125, -19.53125, -17.34375, -14.84375, -12.71875, -11.28125, -10.71875, -11.53125, -13.09375, -14.90625, -16.28125, -17.59375, -21.03125, -23.09375, -25.28125, -27.21875, -28.84375, -30.84375, -33.78125, -37.15625, -39.15625, -40.53125, -41.46875, -42.09375, -42.65625, -43.28125, -44.40625, -46.71875, -49.15625, -50.78125, -50.96875, -50.71875, -50.53125, -50.71875, -50.84375, -50.59375, -49.96875, -48.46875, -45.28125, -42.03125, -38.65625, -35.46875, -32.46875, -29.53125, -26.78125, -24.09375, -21.46875, -19.03125, -16.65625, -14.40625, -12.21875, -10.15625, -8.21875, -6.34375, -4.53125, -2.84375, -1.28125, 0.21875, 1.65625, -1.65625], "color": [1, 1, 1, 1, 1, 1, 1, 1, 1, 1, 1, 1, 1, 1, 1, 1, 1, 1, 1, 1, 1, 1, 1, 1, 1, 1, 1, 1, 1, 1, 1, 1, 1, 1, 1, 1, 1, 1, 1, 1, 1, 1, 1, 1, 1, 1, 1, 1, 1, 1, 1, 1, 1, 1, 1, 1, 1, 1, 1, 1, 1, 1, 1, 1, 1, 1, 1, 1, 1, 1, 1, 1, 1, 1, 1, 1, 1, 1, 1, 1, 1, 1, 1, 1, 1, 1, 1, 1, 1, 1, 2, 2, 2, 2, 2, 2, 2, 2, 2, 2, 2, 2, 2, 2, 2, 2, 2, 2, 2, 2, 2, 2, 2, 2, 2, 2, 2, 2, 2, 2, 2, 2, 2, 2, 2, 2, 2, 2, 2, 2, 2, 2, 2, 2, 2, 2, 2, 2, 2, 2, 2, 2, 2, 2, 2, 2, 2, 2, 2, 2, 2, 2, 2, 2, 2, 2, 2, 2, 2, 2, 2, 2, 2, 2, 2, 2, 2, 2, 2, 2, 2, 2, 2, 2, 2, 2, 2, 2, 2, 2, 2, 2, 2, 2, 2, 2, 2, 2, 4, 4], "start_position": [-6.53125, -2.90625], "start_orientation": 23.90625, "timing_line_position": [-0.03125, -0.03125], "timing_line_orientation": 21.09375, "timing_line_width": 10}