{"x": [3.71875, 7.34375, 10.90625, 14.53125, 18.03125, 21.03125, 22.28125, 22.90625, 23.84375, 26.46875, 30.03125, 33.59375, 37.15625, 40.71875, 44.28125, 47.78125, 51.21875, 54.65625, 57.46875, 60.46875, 63.71875, 67.28125, 70.84375, 73.96875, 76.59375, 78.78125, 80.34375, 81.53125, 82.46875, 82.46875, 82.15625, 80.40625, 77.84375, 74.65625, 71.15625, 67.53125, 63.96875, 60.53125, 57.34375, 53.96875, 50.53125, 47.03125, 43.40625, 39.90625, 36.34375, 32.78125, 29.34375, 26.21875, 23.28125, 19.96875, 16.65625, 13.03125, 9.40625, 6.59375, 3.53125, 0.53125, -2.84375, -6.15625, -9.46875, -12.90625, -16.28125, -19.59375, -23.03125, -26.40625, -29.84375, -33.03125, -35.84375, -36.34375, -35.03125, -32.09375, -29.96875, -28.46875, -26.15625, -23.03125, -19.53125, -15.90625, -12.34375, -8.84375, -5.21875, -1.65625, 3.46875, 7.03125, 10.65625, 14.21875, 17.71875, 19.21875, 19.65625, 20.71875, 22.78125, 26.15625, 29.71875, 33.28125, 36.90625, 40.46875, 44.03125, 47.59375, 51.09375, 54.53125, 57.71875, 60.59375, 63.65625, 67.21875, 70.59375, 73.40625, 75.78125, 77.09375, 78.40625, 79.15625, 79.09375, 77.59375, 74.28125, 70.78125, 67.15625, 63.03125, 59.78125, 56.46875, 52.84375, 49.53125, 45.90625, 42.34375, 38.84375, 35.28125, 31.65625, 28.15625, 24.96875, 22.21875, 19.03125, 15.65625, 12.15625, 9.46875, 6.34375, 3.34375, 0.21875, -3.21875, -6.46875, -10.03125, -13.46875, -16.78125, -20.09375, -23.59375, -27.03125, -30.34375, -33.03125, -30.96875, -28.28125, -26.40625, -24.96875, -22.09375, -18.59375, -15.03125, -11.53125, -7.96875, -4.34375, -0.15625, 0.15625], "y": [-1.75, -2.125, -2.0625, -1.875, -1.1875, 0.6875, 3.9375, 7.4375, 10.875, 12.9375, 13.1875, 12.9375, 12.5, 12.25, 12.1875, 11.625, 10.625, 9.625, 7.375, 5.5, 4.0625, 3.6875, 4.0625, 5.625, 8.0625, 10.75, 14.0, 17.375, 20.8125, 24.375, 28.5625, 31.5625, 34.0, 35.5, 36.1875, 36.25, 36.5625, 35.8125, 34.125, 33.25, 32.375, 31.9375, 31.75, 31.125, 30.9375, 30.875, 31.875, 33.625, 35.625, 37.0, 38.3125, 38.5625, 37.25, 35.0, 33.0625, 31.125, 30.125, 28.75, 27.6875, 26.8125, 25.5625, 24.25, 23.3125, 22.1875, 21.125, 19.5625, 17.375, 13.875, 10.6875, 8.625, 5.75, 2.5, -0.25, -1.9375, -2.6875, -2.6875, -2.25, -1.75, -1.875, -1.75, 1.6875, 1.375, 1.4375, 1.4375, 2.3125, 5.5, 9.0625, 12.4375, 15.3125, 16.4375, 16.6875, 16.375, 16.0625, 15.8125, 15.6875, 15.25, 14.375, 13.375, 11.8125, 9.625, 7.6875, 7.1875, 7.9375, 10.0, 12.6875, 15.9375, 19.25, 22.75, 26.3125, 29.5625, 32.0, 32.75, 32.875, 32.75, 31.3125, 29.9375, 29.6875, 28.5, 28.4375, 28.125, 27.4375, 27.5, 27.5, 28.375, 29.9375, 32.1875, 33.75, 34.8125, 34.8125, 32.5625, 30.75, 28.8125, 27.125, 26.0, 24.625, 23.9375, 23.0625, 21.6875, 20.3125, 19.375, 18.4375, 16.9375, 14.75, 12.25, 9.8125, 6.8125, 3.5625, 1.5, 0.75, 0.75, 1.5, 1.75, 1.75, 1.75, -1.75], "color": [1, 1, 1, 1, 1, 1, 1, 1, 1, 1, 1, 1, 1, 1, 1, 1, 1, 1, 1, 1, 1, 1, 1, 1, 1, 1, 1, 1, 1, 1, 1, 1, 1, 1, 1, 1, 1, 1, 1, 1, 1, 1, 1, 1, 1, 1, 1, 1, 1, 1, 1, 1, 1, 1, 1, 1, 1, 1, 1, 1, 1, 1, 1, 1, 1, 1, 1, 1, 1, 1, 1, 1, 1, 1, 1, 1, 1, 1, 1, 1, 2, 2, 2, 2, 2, 2, 2, 2, 2, 2, 2, 2, 2, 2, 2, 2, 2, 2, 2, 2, 2, 2, 2, 2, 2, 2, 2, 2, 2, 2, 2, 2, 2, 2, 2, 2, 2, 2, 2, 2, 2, 2, 2, 2, 2, 2, 2, 2, 2, 2, 2, 2, 2, 2, 2, 2, 2, 2, 2, 2, 2, 2, 2, 2, 2, 2, 2, 2, 2, 2, 2, 2, 2, 4, 4], "start_position": [-6.59375, -0.0625], "start_orientation": 0.0, "timing_line_position": [-0.03125, 0.0], "timing_line_orientation": -1.40625, "timing_line_width": 10}