{"x": [3.625, 7.1875, 10.6875, 13.875, 16.4375, 19.5625, 23.125, 26.5, 28.3125, 26.6875, 24.1875, 24.125, 25.0625, 27.4375, 28.5625, 28.4375, 25.5, 23.625, 21.0, 17.5, 15.25, 13.5, 10.0625, 6.5625, 4.8125, 3.25, -0.375, -3.5, -6.125, -9.625, -13.75, -15.25, -15.4375, -17.75, -21.25, -24.25, -26.25, -29.5625, -33.0, -36.375, -38.9375, -38.8125, -38.0625, -37.625, -37.6875, -39.75, -42.5, -40.0, -36.5, -33.375, -31.0, -28.6875, -25.375, -21.9375, -18.375, -14.75, -12.5625, -12.5625, -10.125, -6.5625, -2.9375, 3.625, 7.1875, 10.6875, 13.4375, 16.0, 19.5625, 23.125, 26.6875, 29.6875, 31.25, 31.4375, 29.375, 27.0625, 27.875, 30.375, 31.5625, 31.5625, 31.125, 28.4375, 26.375, 24.0, 20.625, 17.0625, 13.6875, 12.25, 9.625, 7.8125, 6.0625, 2.9375, -0.625, -4.5625, -7.25, -10.5, -12.5, -12.5625, -14.5625, -18.125, -21.625, -24.9375, -27.375, -29.9375, -33.25, -36.75, -40.0, -42.0625, -42.0, -41.5625, -40.9375, -40.8125, -43.1875, -45.5625, -45.4375, -42.6875, -39.1875, -35.75, -33.4375, -31.25, -28.0, -24.625, -21.1875, -17.25, -13.6875, -10.625, -9.4375, -8.8125, -5.375, -1.8125, 0.0, 0.0], "y": [-1.46875, -1.28125, -0.65625, 0.90625, 3.40625, 4.78125, 4.71875, 3.78125, 0.84375, -1.96875, -4.40625, -7.96875, -11.40625, -14.03125, -17.34375, -20.96875, -22.71875, -25.59375, -27.90625, -28.34375, -26.03125, -22.96875, -22.28125, -22.96875, -26.03125, -29.03125, -28.71875, -27.09375, -24.65625, -24.09375, -24.40625, -27.46875, -31.03125, -33.65625, -33.03125, -31.21875, -28.28125, -27.03125, -27.65625, -27.59375, -25.28125, -21.71875, -18.21875, -14.65625, -11.03125, -8.21875, -5.90625, -4.09375, -3.46875, -1.78125, 0.84375, 3.59375, 4.96875, 6.03125, 6.71875, 6.78125, 4.40625, 0.90625, -1.65625, -1.90625, -1.90625, 1.46875, 1.84375, 2.59375, 4.90625, 7.34375, 7.78125, 7.78125, 7.46875, 5.53125, 2.34375, -1.21875, -4.03125, -6.40625, -9.90625, -12.46875, -15.84375, -19.40625, -22.96875, -24.96875, -27.46875, -30.09375, -31.28125, -31.28125, -30.34375, -27.15625, -25.40625, -27.96875, -31.09375, -32.03125, -31.84375, -30.53125, -28.15625, -27.09375, -29.84375, -33.40625, -36.34375, -36.71875, -36.34375, -34.96875, -32.40625, -30.03125, -31.21875, -30.84375, -29.34375, -26.40625, -22.84375, -19.28125, -15.78125, -12.21875, -9.65625, -7.03125, -3.46875, -1.34375, -0.65625, 0.28125, 2.96875, 5.84375, 7.40625, 8.59375, 9.46875, 9.78125, 9.84375, 8.15625, 4.84375, 1.53125, 1.15625, 1.46875, 1.46875, -1.46875], "color": [1, 1, 1, 1, 1, 1, 1, 1, 1, 1, 1, 1, 1, 1, 1, 1, 1, 1, 1, 1, 1, 1, 1, 1, 1, 1, 1, 1, 1, 1, 1, 1, 1, 1, 1, 1, 1, 1, 1, 1, 1, 1, 1, 1, 1, 1, 1, 1, 1, 1, 1, 1, 1, 1, 1, 1, 1, 1, 1, 1, 1, 2, 2, 2, 2, 2, 2, 2, 2, 2, 2, 2, 2, 2, 2, 2, 2, 2, 2, 2, 2, 2, 2, 2, 2, 2, 2, 2, 2, 2, 2, 2, 2, 2, 2, 2, 2, 2, 2, 2, 2, 2, 2, 2, 2, 2, 2, 2, 2, 2, 2, 2, 2, 2, 2, 2, 2, 2, 2, 2, 2, 2, 2, 2, 2, 2, 2, 2, 4, 4], "start_position": [-6.0, -0.40625], "start_oritenation": 4.21875, "timing_line_position": [0.0, -0.03125], "timing_line_oritenation": 0.0, "timing_line_width": 8}