{"x": [3.25, 6.8125, 10.375, 13.875, 17.3125, 20.0, 22.25, 24.125, 24.8125, 25.25, 25.375, 25.125, 22.625, 19.3125, 15.9375, 12.8125, 10.3125, 8.625, 6.125, 2.75, -0.8125, -4.375, -7.9375, -11.5625, -15.125, -18.75, -22.3125, -25.8125, -29.1875, -32.3125, -35.875, -39.0625, -42.625, -46.75, -49.8125, -51.625, -52.125, -49.4375, -46.25, -43.5, -42.375, -42.1875, -40.25, -37.0625, -33.3125, -29.3125, -25.6875, -22.125, -18.625, -15.0625, -11.5, -7.9375, -4.4375, 3.75, 7.3125, 10.875, 14.4375, 17.875, 21.0, 23.25, 25.5, 27.3125, 27.875, 28.5, 28.6875, 28.4375, 27.75, 25.25, 22.25, 18.625, 15.1875, 11.9375, 9.1875, 7.0, 5.1875, 2.0, -1.5625, -5.125, -8.6875, -12.3125, -15.875, -19.5, -23.0625, -27.0625, -30.1875, -33.3125, -37.0, -40.4375, -44.0, -47.5625, -50.875, -53.1875, -54.8125, -55.5625, -54.6875, -52.0625, -48.75, -46.0, -45.5, -45.25, -42.6875, -39.625, -36.25, -32.5, -28.875, -25.25, -21.6875, -18.125, -14.625, -11.0, -7.4375, -3.9375, 0.25, -0.25], "y": [-2.3125, -2.75, -3.25, -3.6875, -4.6875, -6.875, -9.625, -12.625, -16.125, -19.6875, -23.25, -26.875, -29.3125, -30.25, -29.3125, -27.5625, -25.0, -21.875, -19.4375, -18.25, -17.75, -17.4375, -17.5, -17.25, -17.25, -17.25, -17.4375, -18.125, -19.3125, -21.0, -23.1875, -24.8125, -25.25, -24.875, -23.3125, -20.1875, -16.75, -14.5, -12.8125, -10.625, -7.3125, -3.6875, -1.0625, 0.5625, 1.25, 1.25, 1.25, 1.25, 0.625, 0.1875, -0.0625, -0.5, -1.0625, 1.0625, 0.5625, 0.1875, -0.25, -1.125, -2.875, -5.625, -8.375, -11.4375, -14.9375, -18.5, -22.0625, -25.625, -29.0625, -31.5625, -33.4375, -33.5625, -32.625, -31.125, -28.875, -26.0625, -23.0, -21.5, -21.0625, -20.875, -20.875, -20.625, -20.625, -20.625, -21.0625, -22.0625, -23.75, -25.5, -27.5, -28.3125, -28.625, -28.1875, -26.9375, -24.25, -21.0625, -17.625, -14.25, -11.8125, -10.375, -8.125, -4.625, -1.0625, 1.375, 3.25, 4.4375, 4.6875, 4.6875, 4.6875, 4.625, 4.0, 3.4375, 3.25, 2.8125, 2.25, 1.6875, -1.6875], "color": [1, 1, 1, 1, 1, 1, 1, 1, 1, 1, 1, 1, 1, 1, 1, 1, 1, 1, 1, 1, 1, 1, 1, 1, 1, 1, 1, 1, 1, 1, 1, 1, 1, 1, 1, 1, 1, 1, 1, 1, 1, 1, 1, 1, 1, 1, 1, 1, 1, 1, 1, 1, 1, 2, 2, 2, 2, 2, 2, 2, 2, 2, 2, 2, 2, 2, 2, 2, 2, 2, 2, 2, 2, 2, 2, 2, 2, 2, 2, 2, 2, 2, 2, 2, 2, 2, 2, 2, 2, 2, 2, 2, 2, 2, 2, 2, 2, 2, 2, 2, 2, 2, 2, 2, 2, 2, 2, 2, 2, 2, 2, 2, 4, 4], "start_position": [-7.6875, 1.125], "start_orientation": -9.84375, "timing_line_position": [0.0, 0.0], "timing_line_orientation": -9.84375, "timing_line_width": 10}