{"x": [-1.5, -2.375, -4.1875, -7.0, -10.5625, -13.625, -16.5625, -17.1875, -16.1875, -14.4375, -11.8125, -7.625, -3.625, 0.1875, 4.125, 8.0, 12.375, 16.125, 20.0, 23.375, 26.0, 29.375, 30.5625, 28.8125, 25.4375, 23.1875, 20.5, 17.625, 14.375, 11.875, 10.375, 9.3125, 9.3125, 10.625, 12.6875, 15.3125, 19.0625, 23.25, 26.5, 28.5625, 28.875, 28.125, 26.625, 22.9375, 19.4375, 15.875, 12.625, 8.9375, 6.0, 2.4375, -0.6875, -4.25, -7.5, -10.5, -13.9375, -17.75, -21.5625, -24.8125, -26.8125, -28.125, -28.625, -27.125, -23.875, -20.8125, -17.0, -13.375, -10.5, -7.375, -5.25, -3.4375, -2.1875, -1.75, 1.5625, 0.8125, -0.6875, -3.1875, -6.25, -9.0625, -12.75, -14.1875, -13.125, -11.0, -7.5625, -3.25, 0.8125, 4.625, 8.5625, 12.5, 16.875, 20.5625, 24.375, 27.25, 26.75, 23.8125, 20.9375, 18.4375, 14.75, 12.4375, 10.125, 8.375, 6.9375, 6.125, 6.75, 8.6875, 10.6875, 12.625, 15.625, 19.25, 23.4375, 25.875, 25.3125, 23.125, 20.0, 16.8125, 13.75, 9.6875, 6.25, 2.6875, -0.3125, -4.0625, -6.875, -10.25, -13.375, -17.0625, -20.625, -23.1875, -24.875, -25.5625, -22.3125, -18.4375, -14.875, -11.375, -8.25, -5.4375, -3.1875, -1.5625, 0.0, 0.875, 1.1875, 1.5, -1.5], "y": [-4.65625, -8.46875, -12.28125, -15.96875, -18.78125, -20.34375, -23.15625, -26.78125, -30.34375, -33.84375, -36.59375, -37.84375, -37.28125, -36.71875, -36.15625, -35.65625, -35.46875, -35.59375, -35.96875, -35.59375, -34.65625, -32.46875, -28.65625, -25.71875, -22.46875, -20.15625, -17.46875, -15.15625, -12.21875, -8.59375, -5.09375, -1.28125, 2.09375, 4.78125, 7.84375, 10.65625, 12.59375, 13.46875, 14.96875, 17.90625, 21.28125, 24.40625, 27.09375, 29.71875, 30.59375, 30.78125, 30.15625, 28.34375, 27.40625, 28.21875, 29.71875, 31.34375, 32.84375, 34.21875, 35.71875, 36.71875, 36.28125, 34.15625, 31.21875, 27.84375, 24.40625, 21.21875, 20.09375, 20.40625, 20.59375, 20.03125, 18.84375, 16.34375, 13.71875, 10.34375, 6.46875, 2.65625, -4.34375, -8.21875, -12.09375, -16.09375, -19.40625, -21.34375, -23.28125, -26.46875, -30.03125, -33.40625, -34.84375, -34.21875, -33.59375, -33.03125, -32.59375, -32.46875, -32.65625, -32.96875, -32.09375, -30.28125, -27.90625, -25.09375, -22.15625, -19.65625, -16.71875, -14.59375, -11.59375, -8.28125, -4.15625, 0.09375, 3.90625, 7.28125, 10.09375, 12.34375, 14.40625, 15.78125, 16.59375, 19.78125, 23.34375, 26.21875, 27.46875, 27.78125, 27.34375, 25.34375, 24.40625, 24.84375, 26.21875, 27.96875, 29.28125, 30.84375, 32.21875, 33.59375, 33.40625, 31.40625, 28.09375, 24.21875, 23.15625, 23.59375, 23.40625, 22.53125, 20.96875, 18.65625, 15.96875, 13.34375, 9.84375, 6.34375, 3.21875, 0.15625, -0.15625], "color": [1, 1, 1, 1, 1, 1, 1, 1, 1, 1, 1, 1, 1, 1, 1, 1, 1, 1, 1, 1, 1, 1, 1, 1, 1, 1, 1, 1, 1, 1, 1, 1, 1, 1, 1, 1, 1, 1, 1, 1, 1, 1, 1, 1, 1, 1, 1, 1, 1, 1, 1, 1, 1, 1, 1, 1, 1, 1, 1, 1, 1, 1, 1, 1, 1, 1, 1, 1, 1, 1, 1, 1, 2, 2, 2, 2, 2, 2, 2, 2, 2, 2, 2, 2, 2, 2, 2, 2, 2, 2, 2, 2, 2, 2, 2, 2, 2, 2, 2, 2, 2, 2, 2, 2, 2, 2, 2, 2, 2, 2, 2, 2, 2, 2, 2, 2, 2, 2, 2, 2, 2, 2, 2, 2, 2, 2, 2, 2, 2, 2, 2, 2, 2, 2, 2, 2, 2, 2, 2, 4, 4], "start_position": [-0.6875, 6.40625], "start_orientation": -84.375, "timing_line_position": [0.0, -0.03125], "timing_line_orientation": -87.1875, "timing_line_width": 2}