{"x": [-3.90625, -7.53125, -11.09375, -14.65625, -18.28125, -21.90625, -25.59375, -29.15625, -31.40625, -30.90625, -28.78125, -25.90625, -22.71875, -19.28125, -15.71875, -12.09375, -8.53125, -5.03125, -1.65625, 1.71875, 5.03125, 8.28125, 12.15625, 15.46875, 18.09375, 20.96875, 23.84375, 27.65625, 30.59375, 31.90625, 32.40625, 32.09375, 30.71875, 27.71875, 24.28125, 20.65625, 17.03125, 13.46875, 9.84375, 6.28125, 2.65625, -3.21875, -6.84375, -10.40625, -14.03125, -17.71875, -21.40625, -25.03125, -28.53125, -32.21875, -34.78125, -35.21875, -34.21875, -32.40625, -29.90625, -26.96875, -23.71875, -20.28125, -16.71875, -13.15625, -9.53125, -5.96875, -2.46875, 0.84375, 4.15625, 7.40625, 11.15625, 14.84375, 17.90625, 20.46875, 23.59375, 27.59375, 30.90625, 33.59375, 35.34375, 35.78125, 35.59375, 35.03125, 33.78125, 31.53125, 28.46875, 24.90625, 21.21875, 17.65625, 14.03125, 10.46875, 6.84375, 3.28125, 0.34375, -0.34375], "y": [1.59375, 1.46875, 1.40625, 1.40625, 1.53125, 1.71875, 2.03125, 2.65625, 5.34375, 9.09375, 12.03125, 14.34375, 16.09375, 17.21875, 17.84375, 18.21875, 18.28125, 18.09375, 17.46875, 16.15625, 14.28125, 12.71875, 12.40625, 13.71875, 15.53125, 18.03125, 20.03125, 20.65625, 18.65625, 15.34375, 11.34375, 8.03125, 4.84375, 2.53125, 1.65625, 1.46875, 1.65625, 1.90625, 2.09375, 2.09375, 1.96875, -1.84375, -1.90625, -1.96875, -1.96875, -2.03125, -1.96875, -1.78125, -1.21875, 0.34375, 3.15625, 6.53125, 10.15625, 13.34375, 15.96875, 18.03125, 19.40625, 20.28125, 20.90625, 21.59375, 22.15625, 22.21875, 21.46875, 20.03125, 18.34375, 17.03125, 16.46875, 17.40625, 19.53125, 21.71875, 23.96875, 24.65625, 23.28125, 20.71875, 16.96875, 13.46875, 9.78125, 6.09375, 2.78125, 0.09375, -1.53125, -1.84375, -1.71875, -1.65625, -1.65625, -1.65625, -1.71875, -1.71875, -1.78125, 1.78125], "color": [1, 1, 1, 1, 1, 1, 1, 1, 1, 1, 1, 1, 1, 1, 1, 1, 1, 1, 1, 1, 1, 1, 1, 1, 1, 1, 1, 1, 1, 1, 1, 1, 1, 1, 1, 1, 1, 1, 1, 1, 1, 2, 2, 2, 2, 2, 2, 2, 2, 2, 2, 2, 2, 2, 2, 2, 2, 2, 2, 2, 2, 2, 2, 2, 2, 2, 2, 2, 2, 2, 2, 2, 2, 2, 2, 2, 2, 2, 2, 2, 2, 2, 2, 2, 2, 2, 2, 2, 4, 4], "start_position": [6.53125, 0.15625], "start_orientation": 180.0, "timing_line_position": [-0.03125, -0.03125], "timing_line_orientation": 180.0, "timing_line_width": 10}