{"x": [4.21875, 7.65625, 11.03125, 14.46875, 17.90625, 21.34375, 24.84375, 28.34375, 32.03125, 35.84375, 39.84375, 43.59375, 45.96875, 45.59375, 43.21875, 39.84375, 36.09375, 32.46875, 28.90625, 25.34375, 21.71875, 18.09375, 14.46875, 10.84375, 7.34375, 3.78125, 0.34375, -3.03125, -6.28125, -9.46875, -12.59375, -15.71875, -18.96875, -22.65625, -25.84375, -29.21875, -32.65625, -36.28125, -39.90625, -43.40625, -46.46875, -49.34375, -52.03125, -54.71875, -58.09375, -61.40625, -65.21875, -69.15625, -72.78125, -75.34375, -73.78125, -70.15625, -66.15625, -62.78125, -59.59375, -56.96875, -53.90625, -50.84375, -47.78125, -44.15625, -40.28125, -36.96875, -33.40625, -29.96875, -26.46875, -23.03125, -19.59375, -16.15625, -12.71875, -9.34375, -5.96875, -2.59375, 2.53125, 5.96875, 9.34375, 12.78125, 16.21875, 19.65625, 23.09375, 26.53125, 30.03125, 33.59375, 37.28125, 40.65625, 44.21875, 46.96875, 48.59375, 49.34375, 48.65625, 46.59375, 43.96875, 40.78125, 37.34375, 33.78125, 30.21875, 26.59375, 22.90625, 19.28125, 15.59375, 11.96875, 8.40625, 4.84375, 0.78125, -2.65625, -5.90625, -9.09375, -12.34375, -15.53125, -18.65625, -21.84375, -25.09375, -28.34375, -31.65625, -35.09375, -38.46875, -41.78125, -45.03125, -48.09375, -50.84375, -53.53125, -56.34375, -60.03125, -63.65625, -67.34375, -71.15625, -74.53125, -77.28125, -78.34375, -78.28125, -76.65625, -73.78125, -70.09375, -66.65625, -63.15625, -60.09375, -57.15625, -54.34375, -51.46875, -48.15625, -44.65625, -41.09375, -37.46875, -33.96875, -30.53125, -27.03125, -23.59375, -20.15625, -16.71875, -13.34375, -9.90625, -6.53125, -3.09375, 0.84375, -0.84375], "y": [-0.3125, 0.625, 1.625, 2.625, 3.75, 5.0, 6.375, 7.75, 8.875, 9.5625, 9.5, 8.3125, 5.1875, 1.0, -1.875, -3.3125, -4.0625, -4.5, -4.6875, -4.875, -5.0, -5.125, -5.3125, -5.625, -6.0625, -6.625, -7.5, -8.5625, -9.9375, -11.5625, -13.375, -15.1875, -17.0, -19.0, -20.5, -21.75, -22.5625, -23.0, -22.75, -21.6875, -19.6875, -17.0625, -14.5, -12.25, -10.5, -9.8125, -9.6875, -9.3125, -8.0625, -4.5625, -0.875, 0.4375, -0.1875, -1.75, -3.9375, -5.875, -8.1875, -10.25, -11.8125, -13.125, -13.375, -13.125, -12.5625, -11.6875, -10.6875, -9.625, -8.5, -7.3125, -6.0625, -4.875, -3.6875, -2.5, 2.5, 3.5625, 4.5625, 5.5625, 6.625, 7.8125, 9.125, 10.375, 11.5625, 12.5, 12.9375, 12.875, 12.0, 9.875, 7.1875, 3.5, 0.0, -2.8125, -4.625, -6.0, -7.0, -7.5625, -7.9375, -8.125, -8.1875, -8.1875, -8.1875, -8.375, -8.625, -9.25, -10.3125, -11.625, -13.125, -14.875, -16.6875, -18.5, -20.3125, -21.9375, -23.4375, -24.625, -25.4375, -25.75, -25.6875, -25.1875, -24.0, -22.3125, -20.0, -17.25, -14.6875, -12.9375, -12.4375, -12.375, -12.125, -11.125, -8.6875, -5.3125, -1.75, 1.5, 3.125, 3.4375, 2.875, 1.5625, -0.1875, -2.3125, -4.5625, -6.75, -8.625, -9.9375, -10.4375, -10.1875, -9.4375, -8.625, -7.6875, -6.625, -5.4375, -4.25, -3.0625, -1.8125, -0.5625, 0.625, -1.375, 1.375], "color": [1, 1, 1, 1, 1, 1, 1, 1, 1, 1, 1, 1, 1, 1, 1, 1, 1, 1, 1, 1, 1, 1, 1, 1, 1, 1, 1, 1, 1, 1, 1, 1, 1, 1, 1, 1, 1, 1, 1, 1, 1, 1, 1, 1, 1, 1, 1, 1, 1, 1, 1, 1, 1, 1, 1, 1, 1, 1, 1, 1, 1, 1, 1, 1, 1, 1, 1, 1, 1, 1, 1, 1, 2, 2, 2, 2, 2, 2, 2, 2, 2, 2, 2, 2, 2, 2, 2, 2, 2, 2, 2, 2, 2, 2, 2, 2, 2, 2, 2, 2, 2, 2, 2, 2, 2, 2, 2, 2, 2, 2, 2, 2, 2, 2, 2, 2, 2, 2, 2, 2, 2, 2, 2, 2, 2, 2, 2, 2, 2, 2, 2, 2, 2, 2, 2, 2, 2, 2, 2, 2, 2, 2, 2, 2, 2, 2, 2, 2, 2, 2, 2, 2, 4, 4], "start_position": [-6.28125, -2.125], "start_oritenation": 18.28125, "timing_line_position": [-0.03125, 0.0], "timing_line_oritenation": 18.28125, "timing_line_width": 8}