{"x": [1.75, 1.875, 2.0, 2.125, 2.375, 2.5625, 2.8125, 3.125, 3.375, 3.6875, 4.125, 5.1875, 4.5, 2.125, -1.3125, -5.0625, -8.875, -13.0, -17.5, -21.5625, -25.875, -30.1875, -33.9375, -37.8125, -41.375, -45.5, -49.375, -53.125, -57.25, -61.25, -64.8125, -67.25, -68.0, -68.0, -68.0, -68.0625, -68.125, -68.125, -68.125, -68.125, -68.125, -68.25, -68.375, -68.5625, -68.8125, -68.875, -69.0, -68.9375, -68.8125, -68.8125, -68.875, -67.4375, -63.9375, -61.25, -57.8125, -53.75, -50.25, -46.5, -42.9375, -39.4375, -35.75, -32.25, -28.9375, -25.25, -21.4375, -18.5, -15.4375, -11.9375, -8.125, -5.4375, -1.9375, 0.75, 2.0625, 1.5, 1.8125, 1.75, 1.5, 1.5625, -1.5625, -1.4375, -1.3125, -1.125, -0.9375, -0.75, -0.5, -0.1875, 0.0625, 0.375, 0.75, 1.875, 0.4375, -2.9375, -6.625, -10.375, -14.125, -18.25, -22.8125, -26.8125, -31.125, -35.4375, -39.1875, -43.0625, -46.625, -50.75, -54.6875, -58.375, -62.5, -64.6875, -64.6875, -64.6875, -64.8125, -64.8125, -64.875, -64.8125, -64.8125, -64.875, -64.9375, -65.0625, -65.25, -65.5, -65.625, -65.6875, -65.625, -65.5625, -65.5, -65.5625, -63.6875, -60.1875, -56.25, -52.75, -48.5625, -45.6875, -42.25, -38.1875, -34.75, -30.9375, -27.375, -23.875, -20.1875, -16.6875, -13.375, -9.6875, -5.875, -3.0, -1.375, -1.8125, -1.5, -1.5, -1.75, -1.75, -1.625, 1.625], "y": [3.28125, 7.03125, 10.40625, 14.28125, 18.34375, 21.40625, 25.53125, 29.71875, 32.59375, 36.28125, 40.21875, 43.90625, 47.46875, 49.96875, 51.03125, 51.34375, 51.15625, 50.90625, 50.78125, 50.78125, 50.90625, 51.09375, 51.21875, 51.40625, 51.59375, 51.65625, 51.65625, 51.78125, 51.96875, 52.03125, 50.65625, 48.03125, 44.40625, 41.09375, 37.46875, 34.03125, 30.03125, 26.21875, 22.84375, 19.28125, 16.46875, 12.40625, 8.84375, 5.21875, 1.59375, -1.09375, -5.09375, -9.34375, -12.90625, -16.59375, -20.53125, -23.71875, -25.90625, -26.65625, -26.90625, -26.78125, -26.53125, -26.59375, -26.71875, -26.78125, -26.84375, -26.84375, -26.96875, -27.03125, -27.03125, -27.03125, -26.90625, -26.90625, -27.09375, -27.09375, -26.84375, -25.78125, -22.28125, -18.71875, -14.46875, -10.53125, -6.71875, -3.15625, 3.34375, 7.09375, 10.40625, 14.34375, 18.40625, 21.46875, 25.59375, 29.78125, 32.65625, 36.34375, 40.28125, 43.96875, 47.15625, 47.90625, 48.03125, 47.71875, 47.53125, 47.46875, 47.53125, 47.65625, 47.78125, 48.03125, 48.15625, 48.34375, 48.34375, 48.40625, 48.53125, 48.71875, 48.21875, 45.09375, 41.28125, 37.65625, 33.90625, 30.65625, 26.96875, 23.59375, 19.65625, 15.84375, 12.46875, 8.90625, 6.09375, 2.03125, -1.46875, -5.15625, -8.78125, -11.40625, -15.46875, -19.71875, -22.40625, -23.46875, -23.59375, -23.34375, -23.21875, -23.28125, -23.40625, -23.46875, -23.53125, -23.59375, -23.65625, -23.78125, -23.71875, -23.65625, -23.59375, -23.65625, -23.84375, -23.59375, -21.84375, -18.40625, -14.59375, -11.90625, -8.40625, -5.46875, 0.03125, -0.03125], "color": [1, 1, 1, 1, 1, 1, 1, 1, 1, 1, 1, 1, 1, 1, 1, 1, 1, 1, 1, 1, 1, 1, 1, 1, 1, 1, 1, 1, 1, 1, 1, 1, 1, 1, 1, 1, 1, 1, 1, 1, 1, 1, 1, 1, 1, 1, 1, 1, 1, 1, 1, 1, 1, 1, 1, 1, 1, 1, 1, 1, 1, 1, 1, 1, 1, 1, 1, 1, 1, 1, 1, 1, 1, 1, 1, 1, 1, 1, 2, 2, 2, 2, 2, 2, 2, 2, 2, 2, 2, 2, 2, 2, 2, 2, 2, 2, 2, 2, 2, 2, 2, 2, 2, 2, 2, 2, 2, 2, 2, 2, 2, 2, 2, 2, 2, 2, 2, 2, 2, 2, 2, 2, 2, 2, 2, 2, 2, 2, 2, 2, 2, 2, 2, 2, 2, 2, 2, 2, 2, 2, 2, 2, 2, 2, 2, 2, 2, 2, 2, 2, 4, 4], "start_position": [-0.125, -7.59375], "start_orientation": 90.0, "timing_line_position": [0.0, -0.03125], "timing_line_orientation": 88.59375, "timing_line_width": 2}