{"x": [3.09375, 6.65625, 10.15625, 13.46875, 16.65625, 19.90625, 23.53125, 26.96875, 30.40625, 33.53125, 36.65625, 39.78125, 42.84375, 46.15625, 49.71875, 53.03125, 56.21875, 58.78125, 61.40625, 64.40625, 67.53125, 69.96875, 70.84375, 71.28125, 69.21875, 65.78125, 62.34375, 59.09375, 56.28125, 53.71875, 49.90625, 46.34375, 42.71875, 39.21875, 35.96875, 32.46875, 28.90625, 25.59375, 22.28125, 18.71875, 15.15625, 11.59375, 8.09375, 4.53125, 0.96875, -2.59375, -5.78125, -8.71875, -11.34375, -13.34375, -13.90625, -11.21875, -7.65625, -4.09375, 4.09375, 7.65625, 11.15625, 14.53125, 17.71875, 21.03125, 24.59375, 28.03125, 31.28125, 34.40625, 37.53125, 40.46875, 43.84375, 47.53125, 51.03125, 54.40625, 57.59375, 60.21875, 62.96875, 65.71875, 68.96875, 71.53125, 73.46875, 74.15625, 74.46875, 73.90625, 70.96875, 67.59375, 63.96875, 60.65625, 57.03125, 54.15625, 51.53125, 47.59375, 43.96875, 40.96875, 37.84375, 34.34375, 30.78125, 27.21875, 23.96875, 20.59375, 17.03125, 13.53125, 9.96875, 6.40625, 2.78125, -0.78125, -4.28125, -7.46875, -10.34375, -13.03125, -15.40625, -16.90625, -17.15625, -15.78125, -12.59375, -9.09375, -5.46875, -1.84375, 0.53125, -0.53125], "y": [-1.90625, -2.15625, -2.96875, -4.28125, -5.96875, -7.40625, -7.46875, -6.59375, -5.46875, -3.78125, -1.96875, -0.21875, 1.65625, 2.34375, 1.84375, 0.59375, -1.09375, -3.53125, -6.03125, -8.03125, -9.65625, -12.34375, -15.78125, -19.34375, -21.78125, -22.71875, -21.78125, -20.21875, -17.96875, -15.46875, -13.78125, -13.40625, -13.59375, -15.71875, -17.09375, -17.90625, -18.15625, -16.84375, -15.59375, -15.03125, -15.09375, -15.78125, -16.40625, -16.46875, -16.65625, -16.09375, -14.53125, -12.40625, -9.96875, -7.03125, -3.53125, -1.65625, -1.21875, -1.40625, 1.15625, 0.90625, 0.03125, -1.28125, -2.84375, -4.21875, -3.96875, -3.03125, -1.40625, 0.34375, 2.09375, 4.15625, 5.15625, 5.53125, 4.84375, 3.59375, 1.90625, -0.46875, -2.84375, -5.03125, -6.65625, -9.09375, -12.09375, -15.59375, -19.15625, -22.65625, -24.59375, -25.78125, -25.84375, -24.59375, -22.59375, -20.40625, -17.96875, -16.71875, -16.71875, -18.46875, -20.03125, -20.96875, -21.40625, -21.15625, -19.65625, -18.40625, -18.15625, -18.84375, -19.53125, -19.65625, -19.65625, -19.84375, -18.90625, -17.34375, -15.21875, -12.78125, -10.15625, -6.90625, -3.34375, -0.09375, 1.40625, 2.03125, 1.90625, 1.78125, 1.59375, -1.59375], "color": [1, 1, 1, 1, 1, 1, 1, 1, 1, 1, 1, 1, 1, 1, 1, 1, 1, 1, 1, 1, 1, 1, 1, 1, 1, 1, 1, 1, 1, 1, 1, 1, 1, 1, 1, 1, 1, 1, 1, 1, 1, 1, 1, 1, 1, 1, 1, 1, 1, 1, 1, 1, 1, 1, 2, 2, 2, 2, 2, 2, 2, 2, 2, 2, 2, 2, 2, 2, 2, 2, 2, 2, 2, 2, 2, 2, 2, 2, 2, 2, 2, 2, 2, 2, 2, 2, 2, 2, 2, 2, 2, 2, 2, 2, 2, 2, 2, 2, 2, 2, 2, 2, 2, 2, 2, 2, 2, 2, 2, 2, 2, 2, 2, 2, 4, 4], "start_position": [-6.59375, 0.34375], "start_oritenation": -2.8125, "timing_line_position": [-0.03125, -0.03125], "timing_line_oritenation": -7.03125, "timing_line_width": 10}