{"x": [2.53125, 5.59375, 7.84375, 8.59375, 8.34375, 7.15625, 4.34375, 0.96875, -2.03125, -4.46875, -8.21875, -12.34375, -14.84375, -16.21875, -17.21875, -18.53125, -21.46875, -24.90625, -28.53125, -31.90625, -35.21875, -38.34375, -41.09375, -43.03125, -45.03125, -46.53125, -47.78125, -48.59375, -46.21875, -42.21875, -38.71875, -35.46875, -32.65625, -28.96875, -24.84375, -21.09375, -17.09375, -13.34375, -8.96875, -6.21875, 3.90625, 7.03125, 9.71875, 11.21875, 11.96875, 11.65625, 10.59375, 8.78125, 5.21875, 1.90625, -1.78125, -4.78125, -7.34375, -10.96875, -12.84375, -13.53125, -14.90625, -16.84375, -19.71875, -23.09375, -26.71875, -30.40625, -34.03125, -36.84375, -39.90625, -42.34375, -44.53125, -46.65625, -48.78125, -50.46875, -51.53125, -51.84375, -50.59375, -47.28125, -43.15625, -39.34375, -35.84375, -32.40625, -28.09375, -25.15625, -22.21875, -18.53125, -14.65625, -11.09375, -7.21875, -4.15625, 0.65625, -0.65625], "y": [-3.1875, -5.625, -8.9375, -12.25, -16.3125, -20.0, -22.625, -20.8125, -17.8125, -15.375, -12.9375, -12.9375, -15.4375, -19.25, -23.0625, -25.875, -28.5625, -29.3125, -28.875, -27.8125, -26.25, -24.0625, -21.4375, -19.0, -15.875, -13.0, -9.9375, -6.375, -3.625, -3.625, -3.25, -1.875, 0.1875, 1.0, 0.3125, 0.25, 0.8125, 1.9375, 2.0, 0.9375, -0.125, -2.4375, -5.4375, -8.5, -12.5, -16.375, -20.3125, -23.75, -25.875, -25.3125, -22.8125, -19.6875, -17.3125, -16.0, -19.375, -22.375, -26.125, -29.125, -31.375, -32.4375, -32.5, -31.8125, -30.5625, -29.125, -27.0625, -24.875, -22.4375, -19.5, -15.9375, -12.25, -8.875, -5.4375, -2.3125, -0.4375, -0.3125, 0.0, 2.0, 3.875, 4.1875, 3.6875, 3.5, 3.875, 5.0, 5.5625, 4.9375, 3.625, 1.5, -1.5], "color": [1, 1, 1, 1, 1, 1, 1, 1, 1, 1, 1, 1, 1, 1, 1, 1, 1, 1, 1, 1, 1, 1, 1, 1, 1, 1, 1, 1, 1, 1, 1, 1, 1, 1, 1, 1, 1, 1, 1, 1, 2, 2, 2, 2, 2, 2, 2, 2, 2, 2, 2, 2, 2, 2, 2, 2, 2, 2, 2, 2, 2, 2, 2, 2, 2, 2, 2, 2, 2, 2, 2, 2, 2, 2, 2, 2, 2, 2, 2, 2, 2, 2, 2, 2, 2, 2, 4, 4], "start_position": [-8.09375, 3.4375], "start_oritenation": -23.90625, "timing_line_position": [-0.03125, 0.0], "timing_line_oritenation": -25.3125, "timing_line_width": 2}