{"x": [2.84375, 6.21875, 9.65625, 13.09375, 16.53125, 19.96875, 23.40625, 26.84375, 30.28125, 33.59375, 36.84375, 39.90625, 40.84375, 37.21875, 33.71875, 30.03125, 26.21875, 22.46875, 18.78125, 15.21875, 11.65625, 8.21875, 4.15625, 0.65625, -2.78125, -6.21875, -9.40625, -12.46875, -15.40625, -18.34375, -21.90625, -25.59375, -29.40625, -32.90625, -35.28125, -36.59375, -37.28125, -37.46875, -37.21875, -36.71875, -35.90625, -35.03125, -34.09375, -33.21875, -32.59375, -32.46875, -32.90625, -33.90625, -35.15625, -36.53125, -38.09375, -40.09375, -42.90625, -46.28125, -49.96875, -53.59375, -56.90625, -59.90625, -61.53125, -61.65625, -60.90625, -59.90625, -59.03125, -58.46875, -58.15625, -57.96875, -57.84375, -57.78125, -57.71875, -57.40625, -55.28125, -52.40625, -49.09375, -47.28125, -47.28125, -48.34375, -49.78125, -51.46875, -53.28125, -55.03125, -56.65625, -58.03125, -59.03125, -59.46875, -59.53125, -59.84375, -60.09375, -59.03125, -56.53125, -53.21875, -49.34375, -45.59375, -41.90625, -38.28125, -34.71875, -31.21875, -27.71875, -24.28125, -20.84375, -17.40625, -14.03125, -10.65625, -7.28125, -3.90625, 3.90625, 7.28125, 10.65625, 14.09375, 17.53125, 21.03125, 24.53125, 27.96875, 31.40625, 34.71875, 37.90625, 40.84375, 43.53125, 45.53125, 45.71875, 43.15625, 39.65625, 35.90625, 32.28125, 28.71875, 25.09375, 21.53125, 17.90625, 14.28125, 10.71875, 7.15625, 3.65625, 0.15625, -3.21875, -6.40625, -10.03125, -12.96875, -15.90625, -19.46875, -22.96875, -26.59375, -30.21875, -32.53125, -33.40625, -33.65625, -33.34375, -32.71875, -31.84375, -30.84375, -29.96875, -29.28125, -28.90625, -28.84375, -29.21875, -29.84375, -30.84375, -32.15625, -33.71875, -35.59375, -37.84375, -40.46875, -43.59375, -47.09375, -50.84375, -54.53125, -57.96875, -61.03125, -63.46875, -65.21875, -65.59375, -65.09375, -64.28125, -63.46875, -62.84375, -62.34375, -62.03125, -61.78125, -61.65625, -61.53125, -61.40625, -61.03125, -59.28125, -56.15625, -52.90625, -51.09375, -51.59375, -53.40625, -55.15625, -57.15625, -58.96875, -60.40625, -61.59375, -62.34375, -62.84375, -63.28125, -63.65625, -63.96875, -63.78125, -62.65625, -60.34375, -57.71875, -54.65625, -51.40625, -47.71875, -43.90625, -40.21875, -36.59375, -33.03125, -29.53125, -26.03125, -22.59375, -19.21875, -15.78125, -11.84375, -8.46875, -5.09375, -1.71875, 0.53125, -0.53125], "y": [-2.96875, -4.15625, -5.28125, -6.34375, -7.34375, -8.21875, -9.03125, -9.90625, -11.03125, -12.46875, -14.40625, -16.90625, -20.15625, -21.34375, -21.59375, -21.53125, -21.34375, -21.21875, -21.15625, -21.21875, -21.34375, -21.65625, -22.28125, -22.96875, -23.90625, -25.15625, -26.78125, -28.71875, -30.84375, -32.96875, -34.84375, -34.84375, -34.53125, -36.03125, -39.21875, -42.53125, -45.96875, -49.46875, -53.03125, -56.59375, -60.15625, -63.78125, -67.28125, -70.78125, -74.21875, -77.65625, -81.09375, -84.53125, -87.90625, -91.34375, -94.53125, -97.28125, -99.40625, -100.78125, -101.28125, -100.84375, -99.53125, -97.03125, -93.71875, -89.84375, -86.21875, -82.53125, -78.90625, -75.28125, -71.78125, -68.21875, -64.71875, -61.15625, -57.59375, -53.96875, -50.65625, -49.03125, -47.09375, -44.03125, -40.28125, -36.84375, -33.46875, -30.28125, -27.09375, -24.03125, -20.90625, -17.71875, -14.40625, -10.90625, -7.28125, -3.40625, 0.46875, 3.71875, 6.21875, 8.03125, 9.21875, 9.71875, 9.65625, 9.21875, 8.40625, 7.40625, 6.34375, 5.21875, 4.15625, 3.21875, 2.21875, 1.28125, 0.28125, -0.71875, 0.78125, -0.34375, -1.40625, -2.46875, -3.53125, -4.53125, -5.46875, -6.40625, -7.46875, -8.71875, -10.40625, -12.46875, -15.09375, -18.15625, -21.96875, -24.59375, -25.34375, -25.40625, -25.34375, -25.21875, -25.15625, -25.09375, -25.09375, -25.21875, -25.46875, -25.84375, -26.34375, -27.15625, -28.21875, -29.65625, -31.84375, -34.03125, -36.15625, -38.15625, -38.71875, -38.65625, -39.46875, -42.15625, -45.71875, -49.53125, -53.15625, -56.71875, -60.15625, -63.59375, -67.09375, -70.53125, -74.03125, -77.53125, -81.09375, -84.59375, -88.03125, -91.34375, -94.53125, -97.59375, -100.28125, -102.53125, -104.09375, -104.96875, -105.15625, -104.59375, -103.40625, -101.53125, -99.15625, -95.78125, -91.90625, -88.34375, -84.65625, -80.96875, -77.34375, -73.84375, -69.78125, -66.28125, -62.71875, -59.15625, -55.46875, -51.84375, -48.40625, -46.53125, -44.71875, -41.65625, -38.03125, -34.78125, -32.09375, -28.96875, -25.78125, -22.59375, -19.34375, -15.96875, -12.53125, -8.90625, -5.15625, -1.40625, 2.28125, 5.53125, 8.34375, 10.21875, 11.65625, 12.71875, 13.46875, 13.65625, 13.46875, 12.84375, 12.03125, 11.03125, 9.90625, 8.84375, 7.78125, 6.78125, 5.65625, 4.65625, 3.59375, 2.59375, 1.84375, -1.84375], "color": [1, 1, 1, 1, 1, 1, 1, 1, 1, 1, 1, 1, 1, 1, 1, 1, 1, 1, 1, 1, 1, 1, 1, 1, 1, 1, 1, 1, 1, 1, 1, 1, 1, 1, 1, 1, 1, 1, 1, 1, 1, 1, 1, 1, 1, 1, 1, 1, 1, 1, 1, 1, 1, 1, 1, 1, 1, 1, 1, 1, 1, 1, 1, 1, 1, 1, 1, 1, 1, 1, 1, 1, 1, 1, 1, 1, 1, 1, 1, 1, 1, 1, 1, 1, 1, 1, 1, 1, 1, 1, 1, 1, 1, 1, 1, 1, 1, 1, 1, 1, 1, 1, 1, 1, 2, 2, 2, 2, 2, 2, 2, 2, 2, 2, 2, 2, 2, 2, 2, 2, 2, 2, 2, 2, 2, 2, 2, 2, 2, 2, 2, 2, 2, 2, 2, 2, 2, 2, 2, 2, 2, 2, 2, 2, 2, 2, 2, 2, 2, 2, 2, 2, 2, 2, 2, 2, 2, 2, 2, 2, 2, 2, 2, 2, 2, 2, 2, 2, 2, 2, 2, 2, 2, 2, 2, 2, 2, 2, 2, 2, 2, 2, 2, 2, 2, 2, 2, 2, 2, 2, 2, 2, 2, 2, 2, 2, 2, 2, 2, 2, 2, 2, 2, 2, 2, 2, 2, 2, 2, 2, 2, 2, 2, 2, 2, 2, 4, 4], "start_position": [-6.21875, 1.90625], "start_orientation": -16.875, "timing_line_position": [-0.03125, -0.03125], "timing_line_orientation": -18.28125, "timing_line_width": 10}