{"x": [1.96875, 2.15625, 2.28125, 2.46875, 2.65625, 2.78125, 2.90625, 2.84375, 2.53125, 1.96875, 0.90625, -1.09375, -3.65625, -6.90625, -10.46875, -14.03125, -17.53125, -21.03125, -24.59375, -28.40625, -32.09375, -35.46875, -37.78125, -38.59375, -38.84375, -38.78125, -38.59375, -38.40625, -38.53125, -38.71875, -39.03125, -39.09375, -38.90625, -37.90625, -36.15625, -33.90625, -32.96875, -34.84375, -37.28125, -38.71875, -39.03125, -38.84375, -38.21875, -37.15625, -35.59375, -32.96875, -30.09375, -26.78125, -23.15625, -19.53125, -15.96875, -12.59375, -8.90625, -5.90625, -3.15625, -1.09375, 0.21875, 0.78125, 1.15625, 1.34375, 1.40625, 1.53125, 1.59375, 1.71875, -1.71875, -1.53125, -1.40625, -1.21875, -1.09375, -0.96875, -0.90625, -0.90625, -1.15625, -1.78125, -3.46875, -6.40625, -9.59375, -13.15625, -16.78125, -20.28125, -23.90625, -27.78125, -31.46875, -34.40625, -35.09375, -35.03125, -34.90625, -34.78125, -34.78125, -34.96875, -35.21875, -35.34375, -35.09375, -34.03125, -31.71875, -29.46875, -28.59375, -30.40625, -32.90625, -34.65625, -35.15625, -35.09375, -34.40625, -32.96875, -30.71875, -27.78125, -24.46875, -20.96875, -17.46875, -13.46875, -9.78125, -6.84375, -4.53125, -3.28125, -2.78125, -2.46875, -2.34375, -2.21875, -2.15625, -2.03125, -1.84375, 1.84375], "y": [3.5625, 7.125, 10.6875, 14.3125, 17.875, 21.4375, 25.0, 28.625, 32.25, 35.8125, 39.25, 42.6875, 44.9375, 46.5, 47.5625, 48.25, 48.6875, 48.9375, 48.875, 48.5625, 47.9375, 46.5625, 43.4375, 39.9375, 36.3125, 32.6875, 29.125, 25.5625, 21.9375, 18.25, 14.625, 11.0625, 7.625, 3.875, 0.8125, -2.125, -5.75, -8.375, -11.125, -14.375, -17.875, -21.5625, -25.1875, -28.625, -31.6875, -34.6875, -36.625, -38.0, -39.0, -39.75, -40.25, -40.1875, -38.8125, -36.75, -34.4375, -31.6875, -27.9375, -24.5, -21.0, -17.4375, -13.8125, -10.1875, -6.625, -3.0, 3.625, 7.1875, 10.75, 14.25, 17.8125, 21.3125, 24.9375, 28.625, 32.375, 35.9375, 39.4375, 42.0, 43.4375, 44.375, 45.0, 45.3125, 45.3125, 44.9375, 44.1875, 41.8125, 38.375, 34.5, 30.875, 26.8125, 23.3125, 19.625, 15.875, 12.25, 8.3125, 4.75, 1.25, -1.8125, -5.5625, -9.125, -11.5625, -14.9375, -18.4375, -22.125, -25.6875, -28.9375, -31.5, -33.4375, -34.875, -35.875, -36.375, -36.25, -35.0, -32.875, -29.9375, -26.125, -22.1875, -18.625, -15.0625, -11.4375, -7.8125, -4.1875, 0.0, 0.0], "color": [1, 1, 1, 1, 1, 1, 1, 1, 1, 1, 1, 1, 1, 1, 1, 1, 1, 1, 1, 1, 1, 1, 1, 1, 1, 1, 1, 1, 1, 1, 1, 1, 1, 1, 1, 1, 1, 1, 1, 1, 1, 1, 1, 1, 1, 1, 1, 1, 1, 1, 1, 1, 1, 1, 1, 1, 1, 1, 1, 1, 1, 1, 1, 1, 2, 2, 2, 2, 2, 2, 2, 2, 2, 2, 2, 2, 2, 2, 2, 2, 2, 2, 2, 2, 2, 2, 2, 2, 2, 2, 2, 2, 2, 2, 2, 2, 2, 2, 2, 2, 2, 2, 2, 2, 2, 2, 2, 2, 2, 2, 2, 2, 2, 2, 2, 2, 2, 2, 2, 2, 4, 4], "start_position": [-0.28125, -7.25], "start_oritenation": 87.1875, "timing_line_position": [-0.03125, 0.0], "timing_line_oritenation": 87.1875, "timing_line_width": 10}