{"x": [-3.3125, -6.875, -10.5, -13.9375, -16.1875, -15.3125, -11.75, -8.1875, -5.375, -4.8125, -6.0625, -8.4375, -11.625, -14.9375, -18.5, -22.0, -25.5, -29.0625, -32.6875, -36.25, -39.25, -41.25, -41.125, -40.5, -40.25, -40.4375, -42.0625, -45.25, -48.75, -52.25, -56.4375, -59.9375, -63.5, -67.75, -71.3125, -74.875, -78.3125, -81.0, -82.75, -84.6875, -86.75, -88.625, -90.4375, -91.5, -91.5, -88.375, -85.3125, -83.5, -81.375, -78.0625, -74.4375, -70.875, -67.25, -63.6875, -60.0625, -56.8125, -55.1875, -53.1875, -50.9375, -48.1875, -45.5, -42.1875, -38.6875, -35.125, -31.5625, -28.0, -24.625, -21.4375, -18.0, -14.4375, -10.875, -7.25, -3.6875, -0.0625, 2.0, 4.1875, 7.5625, 11.0625, 14.625, 18.0625, 21.0, 22.6875, 20.5, 19.1875, 19.6875, 20.9375, 20.875, 18.75, 15.25, 11.625, 8.0625, 4.5, -3.875, -7.4375, -11.0625, -14.5625, -17.5625, -19.1875, -19.5625, -17.6875, -14.3125, -10.6875, -7.8125, -9.1875, -12.0625, -15.375, -18.875, -22.375, -25.875, -29.5, -33.0625, -36.4375, -38.1875, -37.4375, -37.3125, -37.25, -37.3125, -39.375, -42.0625, -45.5, -49.0, -52.5625, -56.75, -60.25, -63.875, -68.0625, -71.625, -75.1875, -78.6875, -81.75, -84.0, -85.9375, -87.875, -89.8125, -91.75, -93.375, -94.6875, -94.9375, -93.9375, -91.0, -87.375, -84.1875, -81.75, -80.1875, -77.0, -73.375, -69.8125, -66.1875, -62.625, -59.25, -57.625, -55.5625, -53.25, -50.5, -47.75, -44.625, -41.125, -37.625, -34.0625, -30.5, -26.875, -23.75, -20.3125, -16.6875, -13.0625, -9.5625, -5.9375, -2.3125, 1.1875, 3.6875, 5.6875, 8.875, 12.4375, 15.9375, 19.4375, 22.5, 24.5625, 25.9375, 24.6875, 22.375, 23.25, 24.3125, 24.625, 23.125, 20.4375, 17.0625, 13.5, 9.9375, 6.3125, 2.75, -0.25, 0.25], "y": [1.78125, 1.78125, 1.90625, 2.84375, 5.59375, 8.84375, 9.53125, 9.59375, 11.90625, 15.40625, 18.71875, 21.40625, 23.09375, 24.34375, 24.90625, 25.78125, 26.65625, 26.84375, 26.78125, 26.71875, 24.71875, 21.78125, 18.21875, 14.65625, 11.09375, 7.46875, 4.46875, 2.84375, 1.90625, 1.40625, 0.78125, 0.09375, -0.03125, -0.15625, -0.34375, 0.03125, 1.15625, 3.46875, 6.59375, 9.65625, 12.59375, 15.65625, 18.78125, 22.21875, 25.78125, 27.09375, 25.34375, 22.28125, 19.40625, 18.15625, 18.09375, 17.90625, 17.84375, 17.90625, 17.90625, 19.53125, 22.71875, 25.71875, 28.46875, 30.78125, 33.21875, 34.65625, 35.34375, 36.09375, 36.03125, 36.28125, 36.59375, 36.90625, 37.03125, 37.03125, 36.40625, 36.40625, 36.40625, 36.15625, 33.21875, 30.40625, 29.15625, 28.53125, 27.84375, 27.03125, 24.96875, 21.78125, 18.96875, 15.65625, 12.15625, 8.78125, 5.53125, 2.90625, 2.03125, 1.65625, 1.46875, 1.46875, -1.40625, -1.40625, -1.21875, -0.40625, 1.59375, 4.71875, 8.28125, 11.28125, 12.28125, 12.53125, 14.34375, 17.65625, 19.71875, 21.15625, 21.78125, 22.65625, 23.46875, 23.65625, 23.65625, 22.84375, 19.90625, 16.40625, 12.78125, 9.21875, 5.59375, 2.78125, 0.46875, -0.53125, -1.28125, -1.96875, -2.46875, -3.03125, -3.28125, -3.34375, -3.53125, -3.09375, -2.21875, -0.40625, 2.34375, 5.40625, 8.46875, 11.46875, 14.53125, 17.65625, 21.03125, 24.59375, 27.96875, 30.03125, 30.15625, 28.59375, 25.96875, 22.71875, 21.15625, 21.15625, 20.90625, 20.90625, 20.90625, 21.84375, 25.09375, 28.03125, 30.78125, 33.09375, 35.46875, 37.15625, 38.09375, 38.90625, 39.28125, 39.21875, 39.65625, 39.90625, 40.15625, 40.15625, 40.03125, 39.59375, 39.59375, 39.59375, 39.09375, 36.59375, 33.59375, 32.09375, 31.53125, 30.78125, 30.03125, 28.15625, 25.34375, 22.15625, 18.84375, 16.15625, 12.78125, 9.40625, 5.84375, 2.59375, 0.21875, -0.90625, -1.53125, -1.65625, -1.71875, -1.71875, -1.59375, 1.59375], "color": [1, 1, 1, 1, 1, 1, 1, 1, 1, 1, 1, 1, 1, 1, 1, 1, 1, 1, 1, 1, 1, 1, 1, 1, 1, 1, 1, 1, 1, 1, 1, 1, 1, 1, 1, 1, 1, 1, 1, 1, 1, 1, 1, 1, 1, 1, 1, 1, 1, 1, 1, 1, 1, 1, 1, 1, 1, 1, 1, 1, 1, 1, 1, 1, 1, 1, 1, 1, 1, 1, 1, 1, 1, 1, 1, 1, 1, 1, 1, 1, 1, 1, 1, 1, 1, 1, 1, 1, 1, 1, 1, 1, 2, 2, 2, 2, 2, 2, 2, 2, 2, 2, 2, 2, 2, 2, 2, 2, 2, 2, 2, 2, 2, 2, 2, 2, 2, 2, 2, 2, 2, 2, 2, 2, 2, 2, 2, 2, 2, 2, 2, 2, 2, 2, 2, 2, 2, 2, 2, 2, 2, 2, 2, 2, 2, 2, 2, 2, 2, 2, 2, 2, 2, 2, 2, 2, 2, 2, 2, 2, 2, 2, 2, 2, 2, 2, 2, 2, 2, 2, 2, 2, 2, 2, 2, 2, 2, 2, 2, 2, 2, 2, 2, 2, 2, 2, 2, 2, 2, 2, 4, 4], "start_position": [7.1875, -0.15625], "start_oritenation": 180.0, "timing_line_position": [0.0, -0.03125], "timing_line_oritenation": 177.1875, "timing_line_width": 8}