{"x": [1.09375, -0.03125, -1.59375, -3.59375, -6.03125, -8.84375, -11.09375, -11.46875, -9.34375, -5.96875, -2.65625, 0.78125, 3.40625, 4.28125, 4.28125, 5.09375, 7.96875, 11.40625, 14.84375, 16.65625, 17.09375, 16.34375, 14.28125, 12.78125, 13.15625, 15.34375, 18.03125, 21.15625, 24.28125, 27.53125, 31.46875, 34.71875, 37.59375, 39.90625, 38.65625, 35.46875, 32.03125, 28.53125, 24.96875, 21.71875, 19.40625, 18.90625, 18.90625, 19.21875, 20.71875, 22.40625, 24.09375, 24.34375, 21.53125, 18.34375, 15.46875, 12.90625, 9.71875, 6.34375, 2.84375, 2.96875, 2.96875, 2.46875, -2.15625, -3.28125, -4.96875, -7.28125, -9.96875, -12.65625, -14.40625, -14.84375, -14.40625, -11.78125, -8.65625, -5.21875, -1.84375, 0.84375, 0.96875, 0.96875, 2.71875, 5.53125, 8.90625, 12.40625, 15.90625, 18.59375, 20.09375, 20.46875, 20.15625, 18.96875, 16.90625, 16.65625, 19.15625, 22.15625, 25.78125, 29.09375, 32.46875, 36.34375, 39.15625, 41.96875, 43.28125, 43.21875, 41.15625, 38.21875, 34.59375, 31.15625, 27.65625, 24.15625, 22.40625, 22.40625, 22.90625, 24.28125, 25.96875, 27.46875, 27.84375, 26.71875, 23.78125, 20.28125, 17.09375, 14.21875, 11.40625, 8.59375, 5.09375, 1.53125, -0.65625, -0.53125, -0.53125, -0.78125, -1.65625, 1.65625], "y": [3.9375, 7.375, 10.5625, 13.5625, 16.1875, 18.375, 21.1875, 24.75, 27.3125, 28.625, 30.0, 31.0, 33.3125, 36.75, 40.375, 43.75, 45.8125, 47.0, 46.625, 43.75, 40.25, 36.75, 33.875, 30.6875, 27.1875, 24.3125, 22.0, 20.1875, 18.5, 17.0, 15.625, 14.1875, 12.0625, 8.75, 5.625, 4.5, 5.5, 6.25, 6.625, 5.1875, 2.625, -0.875, -4.5, -8.0625, -11.25, -14.375, -17.5625, -21.0625, -23.0, -21.75, -19.6875, -17.1875, -15.5, -14.4375, -13.8125, -10.25, -6.625, -3.0625, 3.125, 6.5625, 9.6875, 12.4375, 14.875, 17.25, 20.375, 23.875, 27.375, 29.875, 31.625, 32.625, 33.875, 36.0625, 39.625, 43.25, 46.375, 48.5, 49.8125, 50.8125, 50.375, 48.0, 44.8125, 41.25, 37.6875, 34.375, 31.375, 28.125, 25.5625, 23.5625, 21.5625, 20.0625, 18.875, 17.3125, 15.125, 12.875, 9.5625, 6.0, 3.1875, 1.1875, 1.1875, 2.1875, 2.9375, 2.625, -0.25, -3.8125, -7.3125, -10.5625, -13.75, -17.0625, -20.5625, -23.875, -25.9375, -26.5, -25.1875, -23.0625, -20.8125, -18.6875, -17.6875, -17.3125, -15.25, -11.6875, -8.0625, -4.5, -0.4375, 0.4375], "color": [1, 1, 1, 1, 1, 1, 1, 1, 1, 1, 1, 1, 1, 1, 1, 1, 1, 1, 1, 1, 1, 1, 1, 1, 1, 1, 1, 1, 1, 1, 1, 1, 1, 1, 1, 1, 1, 1, 1, 1, 1, 1, 1, 1, 1, 1, 1, 1, 1, 1, 1, 1, 1, 1, 1, 1, 1, 1, 2, 2, 2, 2, 2, 2, 2, 2, 2, 2, 2, 2, 2, 2, 2, 2, 2, 2, 2, 2, 2, 2, 2, 2, 2, 2, 2, 2, 2, 2, 2, 2, 2, 2, 2, 2, 2, 2, 2, 2, 2, 2, 2, 2, 2, 2, 2, 2, 2, 2, 2, 2, 2, 2, 2, 2, 2, 2, 2, 2, 2, 2, 2, 2, 4, 4], "start_position": [1.21875, -7.375], "start_oritenation": 92.8125, "timing_line_position": [-0.03125, 0.0], "timing_line_oritenation": 99.84375, "timing_line_width": 10}