{"x": [-3.53125, -8.15625, -11.65625, -15.90625, -19.90625, -23.78125, -27.34375, -31.53125, -34.84375, -37.78125, -40.46875, -42.71875, -44.28125, -45.96875, -47.78125, -49.84375, -51.84375, -53.40625, -55.09375, -56.84375, -57.84375, -57.21875, -53.90625, -49.84375, -45.96875, -42.40625, -38.71875, -36.21875, -33.96875, -32.09375, -30.34375, -28.15625, -26.03125, -23.15625, -19.03125, -15.78125, -12.78125, -9.34375, -5.03125, -0.40625, 3.78125, 7.03125, 11.65625, 15.96875, 20.09375, 23.15625, 27.21875, 30.21875, 34.09375, 38.21875, 42.09375, 45.09375, 48.34375, 51.28125, 53.34375, 55.59375, 57.59375, 59.09375, 59.28125, 56.78125, 53.53125, 49.28125, 45.40625, 41.78125, 38.03125, 34.34375, 30.90625, 27.15625, 23.96875, 20.90625, 16.59375, 12.28125, 8.15625, 4.03125, -3.34375, -7.96875, -11.46875, -15.71875, -19.71875, -23.59375, -27.15625, -31.40625, -34.71875, -37.46875, -39.46875, -41.34375, -42.65625, -44.65625, -46.59375, -48.46875, -50.34375, -51.90625, -53.78125, -54.53125, -52.46875, -48.09375, -43.96875, -40.46875, -37.71875, -35.59375, -33.53125, -32.03125, -30.15625, -27.59375, -24.21875, -19.65625, -16.53125, -13.34375, -9.21875, -5.65625, -2.65625, 0.84375, 5.15625, 9.84375, 14.03125, 17.21875, 21.90625, 26.21875, 30.28125, 33.34375, 37.40625, 40.34375, 43.78125, 47.03125, 49.71875, 51.78125, 54.15625, 56.03125, 55.59375, 52.34375, 49.09375, 45.40625, 40.71875, 37.34375, 34.15625, 30.03125, 26.28125, 22.65625, 18.71875, 14.53125, 10.59375, 6.65625, 3.40625, 0.09375, -0.09375], "y": [1.46875, 1.28125, 1.21875, 1.15625, 1.21875, 1.28125, 1.34375, 1.40625, 1.34375, 0.65625, -1.28125, -4.59375, -7.71875, -11.71875, -15.15625, -18.78125, -22.71875, -26.15625, -29.84375, -33.09375, -36.59375, -40.90625, -43.53125, -43.78125, -43.21875, -41.90625, -39.59375, -37.40625, -34.59375, -31.40625, -27.96875, -23.90625, -21.34375, -19.65625, -19.46875, -20.96875, -21.21875, -20.65625, -20.59375, -20.65625, -20.78125, -20.84375, -20.96875, -20.96875, -20.96875, -20.90625, -20.78125, -20.84375, -20.96875, -20.96875, -19.90625, -18.34375, -16.03125, -13.03125, -10.46875, -7.53125, -4.71875, -1.28125, 3.34375, 6.09375, 7.78125, 9.21875, 9.65625, 9.28125, 8.03125, 5.96875, 4.15625, 2.78125, 2.15625, 1.90625, 2.09375, 2.21875, 2.09375, 1.90625, -1.84375, -1.96875, -2.09375, -2.15625, -2.09375, -2.03125, -1.96875, -1.90625, -1.96875, -2.96875, -5.59375, -9.21875, -12.46875, -16.28125, -19.71875, -23.34375, -27.34375, -30.78125, -34.40625, -37.90625, -40.46875, -40.28125, -39.03125, -36.78125, -34.09375, -30.90625, -26.96875, -24.03125, -20.90625, -18.34375, -16.53125, -15.96875, -16.96875, -17.96875, -17.34375, -17.28125, -17.34375, -17.40625, -17.53125, -17.65625, -17.71875, -17.71875, -17.59375, -17.53125, -17.53125, -17.65625, -17.71875, -17.03125, -15.28125, -12.71875, -9.71875, -7.09375, -3.90625, -0.15625, 2.90625, 4.71875, 5.84375, 6.34375, 5.59375, 3.90625, 2.03125, 0.21875, -0.78125, -1.34375, -1.34375, -1.15625, -1.09375, -1.28125, -1.46875, -1.65625, 1.65625], "color": [1, 1, 1, 1, 1, 1, 1, 1, 1, 1, 1, 1, 1, 1, 1, 1, 1, 1, 1, 1, 1, 1, 1, 1, 1, 1, 1, 1, 1, 1, 1, 1, 1, 1, 1, 1, 1, 1, 1, 1, 1, 1, 1, 1, 1, 1, 1, 1, 1, 1, 1, 1, 1, 1, 1, 1, 1, 1, 1, 1, 1, 1, 1, 1, 1, 1, 1, 1, 1, 1, 1, 1, 1, 1, 2, 2, 2, 2, 2, 2, 2, 2, 2, 2, 2, 2, 2, 2, 2, 2, 2, 2, 2, 2, 2, 2, 2, 2, 2, 2, 2, 2, 2, 2, 2, 2, 2, 2, 2, 2, 2, 2, 2, 2, 2, 2, 2, 2, 2, 2, 2, 2, 2, 2, 2, 2, 2, 2, 2, 2, 2, 2, 2, 2, 2, 2, 2, 2, 2, 2, 2, 2, 2, 4, 4], "start_position": [7.40625, 0.40625], "start_oritenation": 182.8125, "timing_line_position": [-0.03125, -0.03125], "timing_line_oritenation": 182.8125, "timing_line_width": 2}