{"x": [1.65625, 4.53125, 7.90625, 11.03125, 13.96875, 17.09375, 20.34375, 23.53125, 26.09375, 27.53125, 29.09375, 31.03125, 31.34375, 29.40625, 26.78125, 23.78125, 20.53125, 17.40625, 15.34375, 13.71875, 11.28125, 8.21875, 5.65625, 3.21875, 0.28125, -2.84375, -5.90625, -7.53125, -8.40625, -8.78125, -8.34375, -6.78125, -4.59375, -2.09375, 2.90625, 5.34375, 8.21875, 10.71875, 13.15625, 15.71875, 18.46875, 21.15625, 23.46875, 24.71875, 25.90625, 27.59375, 26.34375, 24.03125, 21.34375, 18.71875, 17.28125, 15.90625, 14.28125, 11.96875, 9.21875, 6.71875, 4.59375, 2.59375, 0.53125, -2.84375, -4.71875, -5.46875, -5.84375, -5.53125, -4.15625, -2.21875, -0.21875, 27.65625, -0.84375, 0.84375], "y": [-3.5, -5.25, -5.5625, -4.3125, -2.625, -1.25, -0.25, 0.9375, 3.125, 6.1875, 9.25, 12.0, 15.3125, 18.125, 20.25, 21.875, 22.625, 21.3125, 18.625, 15.6875, 13.0625, 13.75, 16.0, 18.375, 20.8125, 22.0625, 20.8125, 17.8125, 14.5625, 11.1875, 7.8125, 4.8125, 2.25, -0.0625, -0.6875, -2.1875, -2.3125, -1.0625, 0.3125, 1.4375, 2.25, 3.125, 4.75, 7.25, 9.8125, 12.1875, 16.875, 18.4375, 19.4375, 18.4375, 16.0, 13.5625, 11.3125, 9.6875, 9.75, 11.125, 12.9375, 14.875, 16.8125, 18.5625, 17.0, 14.25, 11.5, 8.6875, 6.25, 4.125, 2.25, 14.6875, -1.25, 1.25], "color": [1, 1, 1, 1, 1, 1, 1, 1, 1, 1, 1, 1, 1, 1, 1, 1, 1, 1, 1, 1, 1, 1, 1, 1, 1, 1, 1, 1, 1, 1, 1, 1, 1, 1, 2, 2, 2, 2, 2, 2, 2, 2, 2, 2, 2, 2, 2, 2, 2, 2, 2, 2, 2, 2, 2, 2, 2, 2, 2, 2, 2, 2, 2, 2, 2, 2, 2, 2, 4, 4], "start_position": [-3.40625, 3.1875], "start_oritenation": -43.59375, "timing_line_position": [-0.03125, 0.0], "timing_line_oritenation": -43.59375, "timing_line_width": 2}