{"x": [-3.71875, -7.34375, -10.96875, -14.59375, -18.21875, -21.78125, -25.28125, -28.71875, -32.21875, -35.84375, -38.96875, -36.21875, -32.84375, -29.40625, -25.53125, -21.78125, -18.59375, -15.65625, -13.71875, -12.46875, -11.84375, -11.65625, -11.59375, -11.46875, -10.96875, -10.28125, -10.03125, -11.53125, -14.84375, -18.34375, -19.46875, -16.78125, -12.96875, -9.53125, -6.96875, -5.53125, -4.46875, -3.46875, -2.90625, -3.65625, -4.84375, -4.59375, -2.46875, 0.53125, 4.03125, 7.65625, 11.34375, 14.96875, 18.90625, 22.46875, 25.34375, 28.53125, 32.34375, 36.09375, 39.21875, 37.90625, 34.84375, 32.53125, 31.15625, 28.59375, 25.09375, 21.40625, 17.71875, 14.09375, 10.53125, 6.96875, 3.40625, -3.40625, -7.03125, -10.65625, -14.21875, -17.78125, -21.28125, -24.78125, -28.28125, -31.84375, -35.46875, -38.90625, -41.78125, -43.34375, -41.71875, -38.46875, -34.78125, -31.34375, -27.96875, -24.34375, -20.71875, -17.53125, -16.28125, -15.78125, -15.28125, -14.78125, -14.71875, -14.90625, -14.28125, -14.65625, -18.40625, -21.84375, -23.96875, -23.65625, -20.90625, -17.78125, -14.34375, -10.90625, -7.90625, -5.34375, -3.28125, -1.65625, -0.59375, 0.03125, 0.15625, -0.15625, -0.65625, 0.09375, 3.53125, 7.21875, 10.90625, 14.46875, 17.84375, 20.78125, 23.84375, 27.65625, 31.09375, 34.71875, 38.34375, 41.78125, 44.15625, 43.09375, 40.28125, 37.46875, 35.15625, 33.28125, 31.09375, 27.34375, 23.53125, 19.84375, 16.28125, 12.78125, 9.21875, 5.59375, 1.96875, 0.15625, -0.15625], "y": [1.6875, 1.6875, 1.6875, 1.75, 1.625, 1.375, 0.875, 0.0625, -1.0625, -2.0, -0.125, 1.625, 3.1875, 4.0, 4.125, 4.5, 5.75, 8.25, 11.0625, 14.25, 17.75, 21.375, 25.0625, 28.75, 32.3125, 35.75, 39.5625, 42.8125, 43.5, 42.625, 45.25, 47.3125, 47.4375, 46.125, 43.125, 39.8125, 36.25, 32.75, 29.3125, 25.8125, 22.25, 18.9375, 16.25, 14.625, 13.6875, 13.0, 12.4375, 12.3125, 12.9375, 14.625, 16.625, 18.1875, 18.625, 17.875, 15.875, 12.9375, 11.3125, 8.875, 5.4375, 3.0, 2.5, 2.375, 2.25, 2.125, 2.0, 1.875, 1.75, -1.6875, -1.6875, -1.75, -1.875, -2.0, -2.25, -2.625, -3.3125, -4.4375, -5.625, -5.625, -3.75, -0.375, 2.75, 4.75, 6.125, 7.0, 7.5, 8.0, 8.8125, 10.875, 14.0, 17.75, 21.375, 24.8125, 28.3125, 32.0, 35.8125, 39.3125, 38.875, 39.8125, 42.375, 46.0625, 48.875, 50.5, 51.25, 50.75, 49.125, 46.6875, 43.6875, 40.4375, 37.0, 33.4375, 29.8125, 26.25, 22.8125, 19.125, 17.4375, 16.5625, 15.9375, 15.6875, 16.3125, 18.1875, 20.0625, 21.375, 21.8125, 21.75, 21.0, 19.25, 16.25, 12.9375, 10.3125, 8.125, 5.6875, 2.5625, -0.125, -1.1875, -1.1875, -1.1875, -1.3125, -1.5, -1.5625, -1.625, -1.6875, -1.6875, 1.6875], "color": [1, 1, 1, 1, 1, 1, 1, 1, 1, 1, 1, 1, 1, 1, 1, 1, 1, 1, 1, 1, 1, 1, 1, 1, 1, 1, 1, 1, 1, 1, 1, 1, 1, 1, 1, 1, 1, 1, 1, 1, 1, 1, 1, 1, 1, 1, 1, 1, 1, 1, 1, 1, 1, 1, 1, 1, 1, 1, 1, 1, 1, 1, 1, 1, 1, 1, 1, 2, 2, 2, 2, 2, 2, 2, 2, 2, 2, 2, 2, 2, 2, 2, 2, 2, 2, 2, 2, 2, 2, 2, 2, 2, 2, 2, 2, 2, 2, 2, 2, 2, 2, 2, 2, 2, 2, 2, 2, 2, 2, 2, 2, 2, 2, 2, 2, 2, 2, 2, 2, 2, 2, 2, 2, 2, 2, 2, 2, 2, 2, 2, 2, 2, 2, 2, 2, 2, 2, 2, 2, 2, 2, 4, 4], "start_position": [6.28125, 0.125], "start_oritenation": 180.0, "timing_line_position": [-0.03125, 0.0], "timing_line_oritenation": 180.0, "timing_line_width": 10}