{"x": [-2.71875, -6.09375, -9.40625, -12.71875, -15.96875, -19.15625, -22.21875, -25.28125, -28.78125, -32.40625, -33.28125, -30.78125, -27.59375, -24.21875, -20.65625, -17.09375, -13.53125, -9.96875, -6.34375, -2.78125, 0.84375, 4.40625, 8.03125, 11.59375, 15.21875, 18.84375, 22.40625, 23.71875, 23.90625, 23.96875, 24.15625, 24.96875, 26.28125, 27.90625, 29.15625, 29.03125, 25.53125, 22.03125, 18.59375, 15.15625, 11.78125, 8.40625, 5.03125, -3.90625, -7.21875, -10.53125, -13.84375, -17.09375, -20.28125, -23.40625, -26.40625, -29.96875, -33.53125, -36.90625, -37.40625, -35.71875, -33.21875, -30.15625, -26.84375, -23.40625, -19.84375, -16.21875, -12.65625, -9.09375, -5.46875, -1.90625, 1.71875, 5.28125, 8.90625, 12.53125, 15.90625, 19.53125, 23.09375, 26.21875, 26.90625, 27.09375, 27.21875, 27.34375, 28.21875, 29.59375, 31.03125, 32.21875, 32.78125, 31.34375, 27.96875, 24.40625, 20.90625, 17.46875, 14.03125, 10.65625, 7.28125, 3.90625, -0.53125, 0.53125], "y": [2.84375, 4.21875, 5.65625, 7.09375, 8.65625, 10.28125, 12.09375, 13.96875, 14.71875, 14.96875, 17.34375, 19.90625, 21.59375, 22.71875, 23.40625, 23.84375, 24.21875, 24.46875, 24.65625, 24.90625, 25.03125, 25.21875, 25.28125, 25.34375, 25.40625, 25.40625, 25.15625, 22.09375, 18.53125, 14.90625, 10.71875, 7.21875, 3.84375, 0.03125, -3.34375, -6.78125, -6.84375, -6.09375, -5.03125, -3.90625, -2.71875, -1.53125, -0.21875, -0.15625, 1.21875, 2.65625, 4.09375, 5.59375, 7.21875, 9.03125, 10.96875, 11.59375, 11.78125, 12.96875, 16.28125, 19.46875, 22.03125, 23.96875, 25.34375, 26.21875, 26.78125, 27.15625, 27.46875, 27.71875, 27.96875, 28.15625, 28.28125, 28.40625, 28.53125, 28.59375, 28.65625, 28.53125, 28.40625, 25.90625, 22.40625, 18.78125, 14.59375, 10.96875, 7.53125, 4.21875, 0.90625, -2.46875, -6.03125, -9.21875, -10.34375, -9.96875, -9.09375, -8.03125, -6.90625, -5.78125, -4.53125, -3.28125, -1.53125, 1.53125], "color": [1, 1, 1, 1, 1, 1, 1, 1, 1, 1, 1, 1, 1, 1, 1, 1, 1, 1, 1, 1, 1, 1, 1, 1, 1, 1, 1, 1, 1, 1, 1, 1, 1, 1, 1, 1, 1, 1, 1, 1, 1, 1, 1, 2, 2, 2, 2, 2, 2, 2, 2, 2, 2, 2, 2, 2, 2, 2, 2, 2, 2, 2, 2, 2, 2, 2, 2, 2, 2, 2, 2, 2, 2, 2, 2, 2, 2, 2, 2, 2, 2, 2, 2, 2, 2, 2, 2, 2, 2, 2, 2, 2, 4, 4], "start_position": [7.84375, -3.03125], "start_oritenation": 158.90625, "timing_line_position": [-0.03125, -0.03125], "timing_line_oritenation": 157.5, "timing_line_width": 8}