{"x": [4.875, 8.3125, 7.8125, 4.5625, 1.6875, 0.625, 0.9375, 4.0, 8.375, 13.1875, 18.1875, 22.9375, 27.0, 29.875, 32.0625, 34.0625, 35.625, 36.875, 37.5, 37.5, 36.8125, 34.75, 30.5, 25.5625, 20.5625, 15.6875, 10.6875, 5.625, 0.625, -4.3125, -9.375, -14.375, -19.375, -24.3125, -29.25, -34.25, -39.0625, -43.75, -48.4375, -53.125, -57.25, -59.9375, -61.25, -61.5, -60.8125, -59.25, -56.8125, -53.6875, -49.875, -45.5, -40.8125, -35.875, -30.875, -29.0625, -33.1875, -38.125, -43.0, -46.875, -48.5, -47.9375, -45.5, -41.4375, -36.5625, -31.625, -27.0625, -23.0, -19.125, -15.0625, -10.4375, -5.5625, -1.0, 3.5625, 5.3125, 2.0, -0.9375, -2.1875, -2.4375, -0.9375, 2.625, 7.0625, 11.75, 16.75, 21.625, 26.1875, 29.875, 32.6875, 34.875, 36.875, 38.4375, 39.6875, 40.4375, 40.5625, 40.0625, 38.6875, 35.8125, 31.375, 26.375, 21.4375, 16.5, 11.4375, 6.4375, 1.4375, -3.5, -8.5625, -13.5625, -18.5625, -23.5, -28.4375, -33.4375, -38.25, -43.0, -47.75, -52.375, -56.875, -60.5625, -62.9375, -64.1875, -64.5, -64.0, -62.625, -60.5625, -57.6875, -54.25, -50.25, -45.8125, -41.125, -36.125, -31.0625, -26.625, -25.8125, -28.75, -33.5, -38.5, -43.25, -45.5, -44.75, -41.5625, -36.8125, -31.8125, -27.125, -22.9375, -19.0, -15.0625, -10.625, -5.75, -1.9375, -0.6875, 0.6875], "y": [1.09375, 4.84375, 9.59375, 13.34375, 17.40625, 22.28125, 27.21875, 31.03125, 33.34375, 34.78125, 34.78125, 33.28125, 30.40625, 26.40625, 21.90625, 17.21875, 12.59375, 7.71875, 2.71875, -2.28125, -7.21875, -11.71875, -14.28125, -14.84375, -14.65625, -14.28125, -13.96875, -13.78125, -13.71875, -13.71875, -13.71875, -13.65625, -13.46875, -13.09375, -12.46875, -11.40625, -10.03125, -8.46875, -6.84375, -4.96875, -2.21875, 1.96875, 6.71875, 11.78125, 16.71875, 21.40625, 25.84375, 29.71875, 32.90625, 35.40625, 37.03125, 37.46875, 36.84375, 33.40625, 30.96875, 30.96875, 30.21875, 27.03125, 22.46875, 17.40625, 13.15625, 10.34375, 9.28125, 8.65625, 6.65625, 3.65625, 0.53125, -2.28125, -4.28125, -4.34375, -2.15625, 3.84375, 7.96875, 11.65625, 15.78125, 20.59375, 25.53125, 30.28125, 33.71875, 36.03125, 37.59375, 37.96875, 37.03125, 34.90625, 31.65625, 27.46875, 22.96875, 18.28125, 13.65625, 8.78125, 3.90625, -1.15625, -6.09375, -10.96875, -14.96875, -17.15625, -17.84375, -17.71875, -17.34375, -16.96875, -16.78125, -16.71875, -16.71875, -16.71875, -16.65625, -16.53125, -16.21875, -15.59375, -14.65625, -13.40625, -11.84375, -10.28125, -8.59375, -6.34375, -2.96875, 1.40625, 6.28125, 11.28125, 16.15625, 20.96875, 25.46875, 29.71875, 33.28125, 36.28125, 38.59375, 40.03125, 40.46875, 39.96875, 37.90625, 33.28125, 29.34375, 27.96875, 27.96875, 26.65625, 22.34375, 17.53125, 13.71875, 12.34375, 11.71875, 10.15625, 7.40625, 4.28125, 1.28125, -1.09375, -1.21875, 0.71875, 1.34375, -1.34375], "color": [1, 1, 1, 1, 1, 1, 1, 1, 1, 1, 1, 1, 1, 1, 1, 1, 1, 1, 1, 1, 1, 1, 1, 1, 1, 1, 1, 1, 1, 1, 1, 1, 1, 1, 1, 1, 1, 1, 1, 1, 1, 1, 1, 1, 1, 1, 1, 1, 1, 1, 1, 1, 1, 1, 1, 1, 1, 1, 1, 1, 1, 1, 1, 1, 1, 1, 1, 1, 1, 1, 1, 2, 2, 2, 2, 2, 2, 2, 2, 2, 2, 2, 2, 2, 2, 2, 2, 2, 2, 2, 2, 2, 2, 2, 2, 2, 2, 2, 2, 2, 2, 2, 2, 2, 2, 2, 2, 2, 2, 2, 2, 2, 2, 2, 2, 2, 2, 2, 2, 2, 2, 2, 2, 2, 2, 2, 2, 2, 2, 2, 2, 2, 2, 2, 2, 2, 2, 2, 2, 2, 2, 2, 2, 2, 2, 2, 4, 4], "start_position": [-0.625, -0.34375], "start_oritenation": 25.3125, "timing_line_position": [-1.5, -0.71875], "timing_line_oritenation": 26.71875, "timing_line_width": 2}