{"x": [1.34375, 1.28125, 1.28125, 1.46875, 1.65625, 1.71875, 1.78125, 1.40625, 0.21875, -2.21875, -5.71875, -8.90625, -13.09375, -16.53125, -18.40625, -19.53125, -19.96875, -19.90625, -19.78125, -19.78125, -19.65625, -19.40625, -19.40625, -19.59375, -19.96875, -20.28125, -20.53125, -20.53125, -20.09375, -18.65625, -16.40625, -13.21875, -9.03125, -5.09375, -1.65625, 0.84375, 2.34375, 2.65625, 2.46875, 2.34375, 2.21875, -1.84375, -1.96875, -1.90625, -1.71875, -1.53125, -1.46875, -1.46875, -2.53125, -5.34375, -8.90625, -12.59375, -15.53125, -16.53125, -16.78125, -16.71875, -16.59375, -16.53125, -16.34375, -16.15625, -16.21875, -16.46875, -16.84375, -17.21875, -17.34375, -16.96875, -16.03125, -14.09375, -10.65625, -6.71875, -3.65625, -1.34375, -0.53125, -0.71875, -0.90625, -1.03125, -1.59375, 1.59375], "y": [3.6875, 7.25, 10.8125, 15.0625, 18.8125, 22.3125, 25.9375, 29.3125, 32.25, 35.25, 37.0625, 37.5, 36.6875, 34.5, 32.0, 28.5, 24.625, 20.9375, 16.875, 12.8125, 9.4375, 5.8125, 2.5625, -0.5625, -5.0, -8.125, -12.0625, -15.9375, -19.8125, -24.125, -27.0625, -29.0, -29.875, -29.375, -27.875, -25.6875, -22.75, -19.0, -15.0625, -12.0, -7.9375, 4.0, 7.9375, 11.875, 15.875, 19.625, 23.3125, 27.1875, 30.5625, 33.5, 34.3125, 33.375, 30.625, 27.125, 23.5, 20.4375, 16.0, 12.0, 7.8125, 4.75, 1.1875, -1.875, -6.3125, -10.25, -14.6875, -18.875, -22.125, -24.875, -26.5, -26.5, -25.3125, -23.25, -19.5, -15.5625, -11.125, -7.625, -0.125, 0.125], "color": [1, 1, 1, 1, 1, 1, 1, 1, 1, 1, 1, 1, 1, 1, 1, 1, 1, 1, 1, 1, 1, 1, 1, 1, 1, 1, 1, 1, 1, 1, 1, 1, 1, 1, 1, 1, 1, 1, 1, 1, 1, 2, 2, 2, 2, 2, 2, 2, 2, 2, 2, 2, 2, 2, 2, 2, 2, 2, 2, 2, 2, 2, 2, 2, 2, 2, 2, 2, 2, 2, 2, 2, 2, 2, 2, 2, 4, 4], "start_position": [0.71875, -11.5625], "start_oritenation": 91.40625, "timing_line_position": [-0.03125, 0.0], "timing_line_oritenation": 92.8125, "timing_line_width": 2}